"Guid","Description","DisplayUrl","ExternalId","Family","IsActive","Name","ProductCode","QuantityUnitOfMeasure","SBQQ__AssetAmendmentBehavior__c","SBQQ__AssetConversion__c","SBQQ__BatchQuantity__c","SBQQ__BillingFrequency__c","SBQQ__BillingType__c","SBQQ__BlockPricingField__c","SBQQ__ChargeType__c","SBQQ__Component__c","SBQQ__CompoundDiscountRate__c","SBQQ__ConfigurationEvent__c","SBQQ__ConfigurationFieldSet__c","SBQQ__ConfigurationFields__c","SBQQ__ConfigurationFormTitle__c","SBQQ__ConfigurationType__c","SBQQ__ConfigurationValidator__c","SBQQ__ConfiguredCodePattern__c","SBQQ__ConfiguredDescriptionPattern__c","SBQQ__CostEditable__c","SBQQ__CostSchedule__c","SBQQ__CustomConfigurationPage__c","SBQQ__CustomConfigurationRequired__c","SBQQ__CustomerCommunityAvailability__c","SBQQ__DefaultPricingTable__c","SBQQ__DefaultQuantity__c","SBQQ__DescriptionLocked__c","SBQQ__DiscountSchedule__c","SBQQ__DynamicPricingConstraint__c","SBQQ__EnableLargeConfiguration__c","SBQQ__ExcludeFromMaintenance__c","SBQQ__ExcludeFromOpportunity__c","SBQQ__ExternallyConfigurable__c","SBQQ__GenerateContractedPrice__c","SBQQ__HasConfigurationAttributes__c","SBQQ__HasConsumptionSchedule__c","SBQQ__Hidden__c","SBQQ__HidePriceInSearchResults__c","SBQQ__IncludeInMaintenance__c","SBQQ__NewQuoteGroup__c","SBQQ__NonDiscountable__c","SBQQ__NonPartnerDiscountable__c","SBQQ__OptionLayout__c","SBQQ__OptionSelectionMethod__c","SBQQ__Optional__c","SBQQ__PriceEditable__c","SBQQ__PricingGuidance__c","SBQQ__PricingMethodEditable__c","SBQQ__PricingMethod__c","SBQQ__ProductPictureID__c","SBQQ__QuantityEditable__c","SBQQ__QuantityScale__c","SBQQ__ReconfigurationDisabled__c","SBQQ__RenewalProduct__c","SBQQ__SortOrder__c","SBQQ__Specifications__c","SBQQ__SubscriptionBase__c","SBQQ__SubscriptionCategory__c","SBQQ__SubscriptionPercent__c","SBQQ__SubscriptionPricing__c","SBQQ__SubscriptionTarget__c","SBQQ__SubscriptionTerm__c","SBQQ__SubscriptionType__c","SBQQ__TaxCode__c","SBQQ__Taxable__c","SBQQ__TermDiscountLevel__c","SBQQ__TermDiscountSchedule__c","SBQQ__UpgradeCredit__c","SBQQ__UpgradeRatio__c","SBQQ__UpgradeSource__c","SBQQ__UpgradeTarget__c","StockKeepingUnit"
07286e47-3278-466e-867f-18e5ea5769d9,"Fully programmable coffee maker with an interactive touch-screen that allows for a customizable brewing experience.
Includes Direct Plumb Kit Accessory","#N/A","#N/A",EQP,false,Keurig® K150P - Plumbed Commercial Coffee Maker,EQP-OT-4,"#N/A",Default,One per quote line,"#N/A","#N/A","#N/A",Quantity,"#N/A",false,"#N/A","#N/A","#N/A","#N/A","#N/A","#N/A","#N/A","#N/A","#N/A",false,"#N/A","#N/A",false,"#N/A","#N/A",1.0,false,"#N/A","#N/A",false,false,false,false,"#N/A",false,false,false,false,false,false,false,false,"#N/A",Click,false,false,"#N/A",false,List,"#N/A",true,"#N/A",false,"#N/A","#N/A","#N/A",List,"#N/A","#N/A","#N/A","#N/A","#N/A",One-time,"#N/A",false,"#N/A","#N/A","#N/A","#N/A","#N/A","#N/A","#N/A"
0b52d925-8148-42a7-9933-7b27924fd1bd,8 Gallon Bag in Box Syrup- One time,"#N/A","#N/A",BEV,false,Low-Code Lemon-Lime Syrup,POP-OT-4,"#N/A",Default,One per quote line,"#N/A","#N/A","#N/A",Quantity,"#N/A",false,"#N/A","#N/A","#N/A","#N/A","#N/A","#N/A","#N/A","#N/A","#N/A",false,"#N/A","#N/A",false,"#N/A","#N/A",1.0,false,"#N/A","#N/A",false,false,false,false,"#N/A",false,false,false,false,false,false,false,false,"#N/A",Click,false,false,"#N/A",false,List,"#N/A",true,"#N/A",false,"#N/A","#N/A","#N/A",List,"#N/A","#N/A","#N/A","#N/A","#N/A",One-time,"#N/A",false,"#N/A","#N/A","#N/A","#N/A","#N/A","#N/A","#N/A"
10027b2f-470e-449b-9dd1-a29785a99b6a,Platinum Consulting Plan,"#N/A","#N/A",Professional Services,true,Platinum Consulting Plan,PS3,"#N/A",Default,One per quote line,"#N/A","#N/A","#N/A",Quantity,"#N/A",false,"#N/A","#N/A","#N/A","#N/A","#N/A","#N/A","#N/A","#N/A","#N/A",false,"#N/A","#N/A",false,"#N/A","#N/A",1.0,false,"#N/A","#N/A",false,false,false,false,"#N/A",false,false,false,false,false,false,false,false,"#N/A",Click,false,false,"#N/A",false,List,0155f000001EFAj,true,"#N/A",false,"#N/A","#N/A","#N/A",List,"#N/A","#N/A","#N/A","#N/A","#N/A",Renewable,"#N/A",false,"#N/A","#N/A","#N/A","#N/A","#N/A","#N/A","#N/A"
11abf059-13e1-421e-97dc-5608d316158a,Personal Password Vault,"#N/A","#N/A",Password Vault,true,Personal Password Vault,PV1,"#N/A",Default,One per quote line,"#N/A","#N/A","#N/A",Quantity,"#N/A",false,"#N/A","#N/A","#N/A","#N/A","#N/A","#N/A","#N/A","#N/A","#N/A",false,"#N/A","#N/A",false,"#N/A","#N/A",10.0,false,"#N/A","#N/A",false,false,false,false,"#N/A",false,false,false,false,false,false,false,false,"#N/A",Click,false,false,"#N/A",false,List,0155f000000xYfx,true,"#N/A",false,"#N/A","#N/A","#N/A",List,"#N/A","#N/A","#N/A","#N/A","#N/A",Renewable,"#N/A",false,"#N/A","#N/A","#N/A","#N/A","#N/A","#N/A","#N/A"
1664602a-4255-4362-87b1-1b1acd2e9b36,Regular cleaning & preventative maintenance to keep your equipment operating optimally.- Recurring,"#N/A","#N/A",SRV,false,Monthly Maintance Plan,SRV-R-2,"#N/A",Default,One per quote line,"#N/A","#N/A","#N/A",Quantity,"#N/A",true,"#N/A","#N/A","#N/A","#N/A","#N/A","#N/A","#N/A","#N/A","#N/A",false,"#N/A","#N/A",false,"#N/A","#N/A",1.0,false,"#N/A","#N/A",false,false,false,false,"#N/A",false,false,false,false,false,false,false,false,"#N/A",Click,false,false,"#N/A",false,List,"#N/A",true,"#N/A",false,"#N/A","#N/A","#N/A",List,"#N/A","#N/A",Fixed Price,"#N/A",1.0,Renewable,"#N/A",false,"#N/A","#N/A","#N/A","#N/A","#N/A","#N/A","#N/A"
18b61ce3-7818-4845-8368-9b2d89d197de,1 24-count Box of K-Cups Pods- One time,"#N/A","#N/A",BEV,false,Declarative Decaf,COF-OT-2,"#N/A",Default,One per quote line,"#N/A","#N/A","#N/A",Quantity,"#N/A",false,"#N/A","#N/A","#N/A","#N/A","#N/A","#N/A","#N/A","#N/A","#N/A",false,"#N/A","#N/A",false,"#N/A","#N/A",1.0,false,"#N/A","#N/A",false,false,false,false,"#N/A",false,false,false,false,false,false,false,false,"#N/A",Click,false,false,"#N/A",false,List,"#N/A",true,"#N/A",false,"#N/A","#N/A","#N/A",List,"#N/A","#N/A","#N/A","#N/A","#N/A",One-time,"#N/A",false,"#N/A","#N/A","#N/A","#N/A","#N/A","#N/A","#N/A"
1a4b3683-6775-4cd9-85bd-9708610d61cc,On-Site Implementation Support,"#N/A","#N/A",Implementation Services,true,On-Site Implementation Support,IS2,"#N/A",Default,One per quote line,"#N/A","#N/A","#N/A",Quantity,"#N/A",false,"#N/A","#N/A","#N/A","#N/A","#N/A","#N/A","#N/A","#N/A","#N/A",false,"#N/A","#N/A",false,"#N/A","#N/A",1.0,false,"#N/A","#N/A",false,false,false,false,"#N/A",false,false,false,false,false,false,false,false,"#N/A",Click,false,false,"#N/A",false,List,0155f000000xYfl,true,"#N/A",false,"#N/A","#N/A","#N/A",List,"#N/A","#N/A","#N/A","#N/A","#N/A",Renewable,"#N/A",false,"#N/A","#N/A","#N/A","#N/A","#N/A","#N/A","#N/A"
1d9fba39-6a52-4d1e-81ea-e89ac5e8a566,5 Gallon Bag in Box Syrup- One time,"#N/A","#N/A","#N/A",true,Prodly Cola Syrup,POP-OT-1,"#N/A",Default,One per quote line,"#N/A","#N/A","#N/A",Quantity,"#N/A",false,"#N/A","#N/A","#N/A","#N/A","#N/A","#N/A","#N/A","#N/A","#N/A",false,"#N/A","#N/A",false,"#N/A","#N/A",1.0,false,"#N/A","#N/A",false,false,false,false,"#N/A",false,false,false,false,false,false,false,false,"#N/A",Click,false,false,"#N/A",false,List,"#N/A",true,"#N/A",false,"#N/A","#N/A","#N/A",List,"#N/A","#N/A","#N/A","#N/A","#N/A",One-time,"#N/A",false,"#N/A","#N/A","#N/A","#N/A","#N/A","#N/A","#N/A"
1da90d02-5a38-4ade-92d1-0e66bf48793d,1-5 User Training,"#N/A","#N/A",Training,true,1-5 User Training,T0,"#N/A",Default,One per quote line,"#N/A","#N/A","#N/A",Quantity,"#N/A",false,"#N/A","#N/A","#N/A","#N/A","#N/A","#N/A","#N/A","#N/A","#N/A",false,"#N/A","#N/A",false,"#N/A","#N/A",1.0,false,"#N/A","#N/A",false,false,false,false,"#N/A",false,false,false,false,false,false,false,false,"#N/A",Click,false,false,"#N/A",false,List,0155f000000xYfn,true,"#N/A",false,"#N/A","#N/A","#N/A",List,"#N/A","#N/A","#N/A","#N/A","#N/A",Renewable,"#N/A",false,"#N/A","#N/A","#N/A","#N/A","#N/A","#N/A","#N/A"
21a1dc26-451b-4e8f-9303-2c7b870c8951,1 24-count Box of K-Cups Pods- One time,"#N/A","#N/A",BEV,false,Version Control Cappuccino,COF-OT-7,"#N/A",Default,One per quote line,"#N/A","#N/A","#N/A",Quantity,"#N/A",false,"#N/A","#N/A","#N/A","#N/A","#N/A","#N/A","#N/A","#N/A","#N/A",false,"#N/A","#N/A",false,"#N/A","#N/A",1.0,false,"#N/A","#N/A",false,false,false,false,"#N/A",false,false,false,false,false,false,false,false,"#N/A",Click,false,false,"#N/A",false,List,"#N/A",true,"#N/A",false,"#N/A","#N/A","#N/A",List,"#N/A","#N/A","#N/A","#N/A","#N/A",Renewable,"#N/A",false,"#N/A","#N/A","#N/A","#N/A","#N/A","#N/A","#N/A"
231aa3cf-672b-4183-a1ea-2247df4e5ed5,Security Certification Training: Shield,"#N/A","#N/A",Training,true,Security Certification Training: Shield,SC2,"#N/A","#N/A","#N/A","#N/A","#N/A","#N/A","#N/A","#N/A",false,"#N/A","#N/A","#N/A","#N/A","#N/A","#N/A","#N/A","#N/A","#N/A",false,"#N/A","#N/A",false,"#N/A","#N/A",5.0,false,"#N/A","#N/A",false,false,false,false,"#N/A",false,false,false,false,false,false,false,false,"#N/A","#N/A",false,false,"#N/A",false,"#N/A",0155f000000xYfs,true,"#N/A",false,"#N/A","#N/A","#N/A","#N/A","#N/A","#N/A","#N/A","#N/A","#N/A","#N/A","#N/A",false,"#N/A","#N/A","#N/A","#N/A","#N/A","#N/A","#N/A"
275230a1-7ba8-466f-9ea8-90c012159f3c,"10 Flomatic valves to dispense an assortment of beverages. 
Ice dispenser holds 200lb of ice.","#N/A","#N/A",EQP,false,10 Valve Push Button Countertop Ice/Beverage Dispenser,EQP-OT-1,"#N/A",Default,One per quote line,"#N/A","#N/A","#N/A",Quantity,"#N/A",false,"#N/A","#N/A","#N/A","#N/A","#N/A","#N/A","#N/A","#N/A","#N/A",false,"#N/A","#N/A",false,"#N/A","#N/A",1.0,false,"#N/A","#N/A",false,false,false,false,"#N/A",false,false,false,false,false,false,false,false,"#N/A",Click,false,false,"#N/A",false,List,"#N/A",true,"#N/A",false,"#N/A","#N/A","#N/A",List,"#N/A","#N/A","#N/A","#N/A","#N/A",One-time,"#N/A",false,"#N/A","#N/A","#N/A","#N/A","#N/A","#N/A","#N/A"
2806b6c1-7eef-4030-b104-f92546adbb81,12 Gallon Bag in Box Syrup- Recurring,"#N/A","#N/A",BEV,false,Agile Ginger Ale Syrup,POP-R-8,"#N/A",Default,One per quote line,"#N/A","#N/A","#N/A",Quantity,"#N/A",false,"#N/A","#N/A","#N/A","#N/A","#N/A","#N/A","#N/A","#N/A","#N/A",false,"#N/A","#N/A",false,"#N/A","#N/A",1.0,false,"#N/A","#N/A",false,false,false,false,"#N/A",false,false,false,false,false,false,false,false,"#N/A",Click,false,false,"#N/A",false,List,"#N/A",true,"#N/A",false,"#N/A","#N/A","#N/A",List,"#N/A","#N/A",Fixed Price,"#N/A",1.0,Renewable,"#N/A",false,"#N/A","#N/A","#N/A","#N/A","#N/A","#N/A","#N/A"
2871f066-caec-4d45-b3a0-eddbe1ff0f38,"Consists of 10 lines bundled together
Each line is 3/8"" in diameter
Roll contains 100' of bundled tubing","#N/A","#N/A",EQP,false,100' Roll of 10 Line Bundled Tubing,EQP-OT-3,"#N/A",Default,One per quote line,"#N/A","#N/A","#N/A",Quantity,"#N/A",false,"#N/A","#N/A","#N/A","#N/A","#N/A","#N/A","#N/A","#N/A","#N/A",false,"#N/A","#N/A",false,"#N/A","#N/A",1.0,false,"#N/A","#N/A",false,false,false,false,"#N/A",false,false,false,false,false,false,false,false,"#N/A",Click,false,false,"#N/A",false,List,"#N/A",true,"#N/A",false,"#N/A","#N/A","#N/A",List,"#N/A","#N/A","#N/A","#N/A","#N/A",One-time,"#N/A",false,"#N/A","#N/A","#N/A","#N/A","#N/A","#N/A","#N/A"
28a0b399-5379-4cfe-934d-a90fbb1cf4a0,1 24-count Box of K-Cups Pods- Recurring,"#N/A","#N/A",BEV,false,Version Control Cappuccino,COF-R-7,"#N/A",Default,One per quote line,"#N/A","#N/A","#N/A",Quantity,"#N/A",false,"#N/A","#N/A","#N/A","#N/A","#N/A","#N/A","#N/A","#N/A","#N/A",false,"#N/A","#N/A",false,"#N/A","#N/A",1.0,false,"#N/A","#N/A",false,false,false,false,"#N/A",false,false,false,false,false,false,false,false,"#N/A",Click,false,false,"#N/A",false,List,"#N/A",true,"#N/A",false,"#N/A","#N/A","#N/A",List,"#N/A","#N/A",Fixed Price,"#N/A",1.0,Renewable,"#N/A",false,"#N/A","#N/A","#N/A","#N/A","#N/A","#N/A","#N/A"
2aa9c7e7-f500-4601-97ae-197c929481f0,8 24-count Boxes of our best selling blends.- One time,"#N/A","#N/A",BEV,false,Best Sellers Varieties Curated Collection,COF-OT-1,"#N/A",Default,One per quote line,"#N/A","#N/A","#N/A",Quantity,"#N/A",false,"#N/A","#N/A","#N/A","#N/A","#N/A","#N/A","#N/A","#N/A","#N/A",false,"#N/A","#N/A",false,"#N/A","#N/A",1.0,false,"#N/A","#N/A",false,false,false,false,"#N/A",false,false,false,false,false,false,false,false,"#N/A",Click,false,false,"#N/A",false,List,"#N/A",true,"#N/A",false,"#N/A","#N/A","#N/A",List,"#N/A","#N/A","#N/A","#N/A","#N/A",One-time,"#N/A",false,"#N/A","#N/A","#N/A","#N/A","#N/A","#N/A","#N/A"
2d52c8b2-1bdc-43a4-afb3-e4912106c14e,11 Gallon Bag in Box Syrup- One time,"#N/A","#N/A",BEV,false,Release Root Beer Syrup,POP-OT-7,"#N/A",Default,One per quote line,"#N/A","#N/A","#N/A",Quantity,"#N/A",false,"#N/A","#N/A","#N/A","#N/A","#N/A","#N/A","#N/A","#N/A","#N/A",false,"#N/A","#N/A",false,"#N/A","#N/A",1.0,false,"#N/A","#N/A",false,false,false,false,"#N/A",false,false,false,false,false,false,false,false,"#N/A",Click,false,false,"#N/A",false,List,"#N/A",true,"#N/A",false,"#N/A","#N/A","#N/A",List,"#N/A","#N/A","#N/A","#N/A","#N/A",One-time,"#N/A",false,"#N/A","#N/A","#N/A","#N/A","#N/A","#N/A","#N/A"
2ef1182c-3960-4e96-917b-4118511aab0c,Personal Security Firewall,"#N/A","#N/A",Network,true,Personal Security Firewall,N1,"#N/A","#N/A","#N/A","#N/A","#N/A","#N/A","#N/A","#N/A",false,"#N/A","#N/A","#N/A","#N/A","#N/A","#N/A","#N/A","#N/A","#N/A",false,"#N/A","#N/A",false,"#N/A","#N/A",5.0,false,"#N/A","#N/A",false,false,false,false,"#N/A",false,false,false,false,false,false,false,false,"#N/A","#N/A",false,false,"#N/A",false,"#N/A",0155f000000xYfq,true,"#N/A",false,"#N/A","#N/A","#N/A","#N/A","#N/A","#N/A","#N/A","#N/A","#N/A","#N/A","#N/A",false,"#N/A","#N/A","#N/A","#N/A","#N/A","#N/A","#N/A"
3522ffeb-6c9c-487d-ad84-6f6846271fb3,"10 Flomatic valves to dispense an assortment of beverages. 
Ice dispenser holds 200lb of ice.","#N/A","#N/A",EQP,false,10 Valve Push Button Countertop Ice/Beverage Dispenser,EQP-OT-1,"#N/A",Default,One per quote line,"#N/A","#N/A","#N/A",Quantity,"#N/A",false,"#N/A","#N/A","#N/A","#N/A","#N/A","#N/A","#N/A","#N/A","#N/A",false,"#N/A","#N/A",false,"#N/A","#N/A",1.0,false,"#N/A","#N/A",false,false,false,false,"#N/A",false,false,false,false,false,false,false,false,"#N/A",Click,false,false,"#N/A",false,List,"#N/A",true,"#N/A",false,"#N/A","#N/A","#N/A",List,"#N/A","#N/A","#N/A","#N/A","#N/A",One-time,"#N/A",false,"#N/A","#N/A","#N/A","#N/A","#N/A","#N/A","#N/A"
36188c9b-ec43-499d-b4dd-dd9eb34b7762,Customized Implementation,"#N/A","#N/A",Implementation Services,true,Customized Implementation,IS3,"#N/A",Default,One per quote line,"#N/A","#N/A","#N/A",Quantity,"#N/A",false,"#N/A","#N/A","#N/A","#N/A","#N/A","#N/A","#N/A","#N/A","#N/A",false,"#N/A","#N/A",false,"#N/A","#N/A",1.0,false,"#N/A","#N/A",false,false,false,false,"#N/A",false,false,false,false,false,false,false,false,"#N/A",Click,false,false,"#N/A",false,List,0155f000000xYfl,true,"#N/A",false,"#N/A","#N/A","#N/A",List,"#N/A","#N/A","#N/A","#N/A","#N/A",Renewable,"#N/A",false,"#N/A","#N/A","#N/A","#N/A","#N/A","#N/A","#N/A"
38da0d23-6543-421b-b7d6-cea600f3fdd5,1 24-count Box of K-Cups Pods- One time,"#N/A","#N/A",BEV,false,Pumpkin Sandbox Latte,COF-OT-3,"#N/A",Default,One per quote line,"#N/A","#N/A","#N/A",Quantity,"#N/A",false,"#N/A","#N/A","#N/A","#N/A","#N/A","#N/A","#N/A","#N/A","#N/A",false,"#N/A","#N/A",false,"#N/A","#N/A",1.0,false,"#N/A","#N/A",false,false,false,false,"#N/A",false,false,false,false,false,false,false,false,"#N/A",Click,false,false,"#N/A",false,List,"#N/A",true,"#N/A",false,"#N/A","#N/A","#N/A",List,"#N/A","#N/A","#N/A","#N/A","#N/A",One-time,"#N/A",false,"#N/A","#N/A","#N/A","#N/A","#N/A","#N/A","#N/A"
3ed1cb66-3cae-4f29-95ae-d3cc2e7d74bc,Data Center Security Firewall,"#N/A","#N/A",Network,true,Data Center Security Firewall,N4,"#N/A","#N/A","#N/A","#N/A","#N/A","#N/A","#N/A","#N/A",false,"#N/A","#N/A","#N/A","#N/A","#N/A","#N/A","#N/A","#N/A","#N/A",false,"#N/A","#N/A",false,"#N/A","#N/A",100.0,false,"#N/A","#N/A",false,false,false,false,"#N/A",false,false,false,false,false,false,false,false,"#N/A","#N/A",false,false,"#N/A",false,"#N/A",0155f000000xYfq,true,"#N/A",false,"#N/A","#N/A","#N/A","#N/A","#N/A","#N/A","#N/A","#N/A","#N/A","#N/A","#N/A",false,"#N/A","#N/A","#N/A","#N/A","#N/A","#N/A","#N/A"
417eb23d-4d29-42f0-8b50-f7a99579c318,Regular cleaning & preventative maintenance to keep your equipment operating optimally.- Recurring,"#N/A","#N/A",SRV,false,Monthly Maintance Plan,SRV-R-2,"#N/A",Default,One per quote line,"#N/A","#N/A","#N/A",Quantity,"#N/A",true,"#N/A","#N/A","#N/A","#N/A","#N/A","#N/A","#N/A","#N/A","#N/A",false,"#N/A","#N/A",false,"#N/A","#N/A",1.0,false,"#N/A","#N/A",false,false,false,false,"#N/A",false,false,false,false,false,false,false,false,"#N/A",Click,false,false,"#N/A",false,List,"#N/A",true,"#N/A",false,"#N/A","#N/A","#N/A",List,"#N/A","#N/A",Fixed Price,"#N/A",1.0,Renewable,"#N/A",false,"#N/A","#N/A","#N/A","#N/A","#N/A","#N/A","#N/A"
47abf74f-4e1d-458a-a00e-c6201abce126,Additional Cloud Storage,"#N/A","#N/A",Cloud Storage,true,Additional Cloud Storage,CS6,"#N/A","#N/A","#N/A","#N/A","#N/A","#N/A","#N/A","#N/A",false,"#N/A","#N/A","#N/A","#N/A","#N/A","#N/A","#N/A","#N/A","#N/A",false,"#N/A","#N/A",false,"#N/A","#N/A",5.0,false,"#N/A","#N/A",false,false,false,false,"#N/A",false,false,false,false,false,false,false,false,"#N/A","#N/A",false,false,"#N/A",false,"#N/A",0155f000000xYfr,true,"#N/A",false,"#N/A","#N/A","#N/A","#N/A","#N/A","#N/A","#N/A","#N/A","#N/A","#N/A","#N/A",false,"#N/A","#N/A","#N/A","#N/A","#N/A","#N/A","#N/A"
47fcf894-fc44-432a-bfc6-d5d95a6188d8,Vulnerability Testing: Omega,"#N/A","#N/A",Professional Services,true,Vulnerability Testing: Omega,VT1,"#N/A","#N/A","#N/A","#N/A","#N/A","#N/A","#N/A","#N/A",false,"#N/A","#N/A","#N/A","#N/A","#N/A","#N/A","#N/A","#N/A","#N/A",false,"#N/A","#N/A",false,"#N/A","#N/A",1.0,false,"#N/A","#N/A",false,false,false,false,"#N/A",false,false,false,false,false,false,false,false,"#N/A","#N/A",false,false,"#N/A",false,"#N/A",0155f000000xYft,true,"#N/A",false,"#N/A","#N/A","#N/A","#N/A","#N/A","#N/A","#N/A","#N/A","#N/A","#N/A","#N/A",false,"#N/A","#N/A","#N/A","#N/A","#N/A","#N/A","#N/A"
4999d36e-0482-4ec1-9229-779c28f418a9,"Forces CO2 into water to create carbonation for sodas
No need to turn off CO2 or water to service; maintain electronics without depressurizing the tank
115V, 1/3 hp, 1725 RPM motor","#N/A","#N/A",EQP,false,Fastflow Carbonator,EQP-OT-2,"#N/A",Default,One per quote line,"#N/A","#N/A","#N/A",Quantity,"#N/A",false,"#N/A","#N/A","#N/A","#N/A","#N/A","#N/A","#N/A","#N/A","#N/A",false,"#N/A","#N/A",false,"#N/A","#N/A",1.0,false,"#N/A","#N/A",false,false,false,false,"#N/A",false,false,false,false,false,false,false,false,"#N/A",Click,false,false,"#N/A",false,List,"#N/A",true,"#N/A",false,"#N/A","#N/A","#N/A",List,"#N/A","#N/A","#N/A","#N/A","#N/A",One-time,"#N/A",false,"#N/A","#N/A","#N/A","#N/A","#N/A","#N/A","#N/A"
4a2cecb9-61aa-4464-9402-4a6b99466876,"#N/A","#N/A","#N/A","#N/A",true,Coffee Starter Bundle,CSB-B,"#N/A",Default,One per quote line,"#N/A","#N/A","#N/A",Quantity,"#N/A",false,"#N/A",Always,"#N/A","#N/A","#N/A",Required,"#N/A","#N/A","#N/A",false,"#N/A","#N/A",false,"#N/A","#N/A",1.0,false,"#N/A","#N/A",false,false,false,false,"#N/A",false,false,false,false,false,false,false,false,"#N/A",Click,false,false,"#N/A",false,List,"#N/A",true,"#N/A",false,"#N/A","#N/A","#N/A",List,"#N/A","#N/A","#N/A","#N/A","#N/A",One-time,"#N/A",false,"#N/A","#N/A","#N/A","#N/A","#N/A","#N/A","#N/A"
4a329c21-8a2e-4f52-ae0a-f5edd57b5e4d,11 Gallon Bag in Box Syrup- One time,"#N/A","#N/A",BEV,false,Release Root Beer Syrup,POP-OT-7,"#N/A",Default,One per quote line,"#N/A","#N/A","#N/A",Quantity,"#N/A",false,"#N/A","#N/A","#N/A","#N/A","#N/A","#N/A","#N/A","#N/A","#N/A",false,"#N/A","#N/A",false,"#N/A","#N/A",1.0,false,"#N/A","#N/A",false,false,false,false,"#N/A",false,false,false,false,false,false,false,false,"#N/A",Click,false,false,"#N/A",false,List,"#N/A",true,"#N/A",false,"#N/A","#N/A","#N/A",List,"#N/A","#N/A","#N/A","#N/A","#N/A",One-time,"#N/A",false,"#N/A","#N/A","#N/A","#N/A","#N/A","#N/A","#N/A"
4d48c8a0-6d6f-4423-8c4f-bde66f26c03f,Security Certification Training: Basic,"#N/A","#N/A",Training,true,Security Certification Training: Basic,SC1,"#N/A",Default,One per quote line,"#N/A","#N/A","#N/A",Quantity,"#N/A",false,"#N/A","#N/A","#N/A","#N/A","#N/A","#N/A","#N/A","#N/A","#N/A",false,"#N/A","#N/A",false,"#N/A","#N/A",5.0,false,"#N/A","#N/A",false,false,false,false,"#N/A",false,false,false,false,false,false,false,false,"#N/A",Click,false,false,"#N/A",false,List,0155f000000xYfs,true,"#N/A",false,"#N/A","#N/A","#N/A",List,"#N/A","#N/A","#N/A","#N/A","#N/A",Renewable,"#N/A",false,"#N/A","#N/A","#N/A","#N/A","#N/A","#N/A","#N/A"
4ff7752d-b5d3-41fc-aad6-58af2a5ae8b7,1 24-count Box of K-Cups Pods- Recurring,"#N/A","#N/A",BEV,false,Uptime Espresso,COF-R-6,"#N/A",Default,One per quote line,"#N/A","#N/A","#N/A",Quantity,"#N/A",false,"#N/A","#N/A","#N/A","#N/A","#N/A","#N/A","#N/A","#N/A","#N/A",false,"#N/A","#N/A",false,"#N/A","#N/A",1.0,false,"#N/A","#N/A",false,false,false,false,"#N/A",false,false,false,false,false,false,false,false,"#N/A",Click,false,false,"#N/A",false,List,"#N/A",true,"#N/A",false,"#N/A","#N/A","#N/A",List,"#N/A","#N/A",Fixed Price,"#N/A",1.0,Renewable,"#N/A",false,"#N/A","#N/A","#N/A","#N/A","#N/A","#N/A","#N/A"
57855a28-ac97-49f6-82a1-783548dbeb19,A high capacity coffee maker designed for continuous use with direct water line plumbing.,"#N/A","#N/A",EQP,false,Keurig® K-2500® Plumbed Commercial Coffee Maker,EQP-OT-5,"#N/A",Default,One per quote line,"#N/A","#N/A","#N/A",Quantity,"#N/A",false,"#N/A","#N/A","#N/A","#N/A","#N/A","#N/A","#N/A","#N/A","#N/A",false,"#N/A","#N/A",false,"#N/A","#N/A",1.0,false,"#N/A","#N/A",false,false,false,false,"#N/A",false,false,false,false,false,false,false,false,"#N/A",Click,false,false,"#N/A",false,List,"#N/A",true,"#N/A",false,"#N/A","#N/A","#N/A",List,"#N/A","#N/A","#N/A","#N/A","#N/A",One-time,"#N/A",false,"#N/A","#N/A","#N/A","#N/A","#N/A","#N/A","#N/A"
59328256-23d2-49cc-bbd5-fb2eb3486128,10 Gallon Bag in Box Syrup- Recurring,"#N/A","#N/A",BEV,false,Org-to-Org Orange Syrup,POP-R-6,"#N/A",Default,One per quote line,"#N/A","#N/A","#N/A",Quantity,"#N/A",false,"#N/A","#N/A","#N/A","#N/A","#N/A","#N/A","#N/A","#N/A","#N/A",false,"#N/A","#N/A",false,"#N/A","#N/A",1.0,false,"#N/A","#N/A",false,false,false,false,"#N/A",false,false,false,false,false,false,false,false,"#N/A",Click,false,false,"#N/A",false,List,"#N/A",true,"#N/A",false,"#N/A","#N/A","#N/A",List,"#N/A","#N/A",Fixed Price,"#N/A",1.0,Renewable,"#N/A",false,"#N/A","#N/A","#N/A","#N/A","#N/A","#N/A","#N/A"
5b4ab100-dae4-4a75-ac36-4d9103110a64,1 24-count Box of K-Cups Pods- One time,"#N/A","#N/A",BEV,false,Version Control Cappuccino,COF-OT-7,"#N/A",Default,One per quote line,"#N/A","#N/A","#N/A",Quantity,"#N/A",false,"#N/A","#N/A","#N/A","#N/A","#N/A","#N/A","#N/A","#N/A","#N/A",false,"#N/A","#N/A",false,"#N/A","#N/A",1.0,false,"#N/A","#N/A",false,false,false,false,"#N/A",false,false,false,false,false,false,false,false,"#N/A",Click,false,false,"#N/A",false,List,"#N/A",true,"#N/A",false,"#N/A","#N/A","#N/A",List,"#N/A","#N/A","#N/A","#N/A","#N/A",Renewable,"#N/A",false,"#N/A","#N/A","#N/A","#N/A","#N/A","#N/A","#N/A"
5c860882-954d-4200-854e-3c2330ded2e3,11 Gallon Bag in Box Syrup- Recurring,"#N/A","#N/A",BEV,false,Release Root Beer Syrup,POP-R-7,"#N/A",Default,One per quote line,"#N/A","#N/A","#N/A",Quantity,"#N/A",false,"#N/A","#N/A","#N/A","#N/A","#N/A","#N/A","#N/A","#N/A","#N/A",false,"#N/A","#N/A",false,"#N/A","#N/A",1.0,false,"#N/A","#N/A",false,false,false,false,"#N/A",false,false,false,false,false,false,false,false,"#N/A",Click,false,false,"#N/A",false,List,"#N/A",true,"#N/A",false,"#N/A","#N/A","#N/A",List,"#N/A","#N/A",Fixed Price,"#N/A",1.0,Renewable,"#N/A",false,"#N/A","#N/A","#N/A","#N/A","#N/A","#N/A","#N/A"
5f066eb1-ea10-473d-b0d1-05c7cf639fd0,Enterprise Security Firewall,"#N/A","#N/A",Network,true,Enterprise Security Firewall,N3,"#N/A","#N/A","#N/A","#N/A","#N/A","#N/A","#N/A","#N/A",false,"#N/A","#N/A","#N/A","#N/A","#N/A","#N/A","#N/A","#N/A","#N/A",false,"#N/A","#N/A",false,"#N/A","#N/A",100.0,false,"#N/A","#N/A",false,false,false,false,"#N/A",false,false,false,false,false,false,false,false,"#N/A","#N/A",false,false,"#N/A",false,"#N/A",0155f000000xYfq,true,"#N/A",false,"#N/A","#N/A","#N/A","#N/A","#N/A","#N/A","#N/A","#N/A","#N/A","#N/A","#N/A",false,"#N/A","#N/A","#N/A","#N/A","#N/A","#N/A","#N/A"
5f12760f-2e4c-40f6-9d4a-e77f53593483,1 24-count Box of K-Cups Pods- Recurring,"#N/A","#N/A",BEV,false,Declarative Decaf,COF-R-2,"#N/A",Default,One per quote line,"#N/A","#N/A","#N/A",Quantity,"#N/A",false,"#N/A","#N/A","#N/A","#N/A","#N/A","#N/A","#N/A","#N/A","#N/A",false,"#N/A","#N/A",false,"#N/A","#N/A",1.0,false,"#N/A","#N/A",false,false,false,false,"#N/A",false,false,false,false,false,false,false,false,"#N/A",Click,false,false,"#N/A",false,List,"#N/A",true,"#N/A",false,"#N/A","#N/A","#N/A",List,"#N/A","#N/A",Fixed Price,"#N/A",1.0,Renewable,"#N/A",false,"#N/A","#N/A","#N/A","#N/A","#N/A","#N/A","#N/A"
5f92ed5e-fa84-471c-98af-94d951bc2ef6,9 Gallon Bag in Box Syrup- One time,"#N/A","#N/A",BEV,false,Go-Live Grape Syrup,POP-OT-5,"#N/A",Default,One per quote line,"#N/A","#N/A","#N/A",Quantity,"#N/A",false,"#N/A","#N/A","#N/A","#N/A","#N/A","#N/A","#N/A","#N/A","#N/A",false,"#N/A","#N/A",false,"#N/A","#N/A",1.0,false,"#N/A","#N/A",false,false,false,false,"#N/A",false,false,false,false,false,false,false,false,"#N/A",Click,false,false,"#N/A",false,List,"#N/A",true,"#N/A",false,"#N/A","#N/A","#N/A",List,"#N/A","#N/A","#N/A","#N/A","#N/A",One-time,"#N/A",false,"#N/A","#N/A","#N/A","#N/A","#N/A","#N/A","#N/A"
602c6511-6f3b-4e2f-9dce-e06b7935b816,5 Gallon Bag in Box Syrup- Recurring,"#N/A","#N/A",BEV,false,Prodly Cola Syrup,POP-R-1,"#N/A",Default,One per quote line,"#N/A","#N/A","#N/A",Quantity,"#N/A",false,"#N/A","#N/A","#N/A","#N/A","#N/A","#N/A","#N/A","#N/A","#N/A",false,"#N/A","#N/A",false,"#N/A","#N/A",1.0,false,"#N/A","#N/A",false,false,false,false,"#N/A",false,false,false,false,false,false,false,false,"#N/A",Click,false,false,"#N/A",false,List,"#N/A",true,"#N/A",false,"#N/A","#N/A","#N/A",List,"#N/A","#N/A",Fixed Price,"#N/A",1.0,Renewable,"#N/A",false,"#N/A","#N/A","#N/A","#N/A","#N/A","#N/A","#N/A"
67cf81a3-75ee-4956-9f02-1182a3f76514,1 24-count Box of K-Cups Pods- One time,"#N/A","#N/A",BEV,false,Change Management Mocha,COF-OT-5,"#N/A",Default,One per quote line,"#N/A","#N/A","#N/A",Quantity,"#N/A",false,"#N/A","#N/A","#N/A","#N/A","#N/A","#N/A","#N/A","#N/A","#N/A",false,"#N/A","#N/A",false,"#N/A","#N/A",1.0,false,"#N/A","#N/A",false,false,false,false,"#N/A",false,false,false,false,false,false,false,false,"#N/A",Click,false,false,"#N/A",false,List,"#N/A",true,"#N/A",false,"#N/A","#N/A","#N/A",List,"#N/A","#N/A","#N/A","#N/A","#N/A",One-time,"#N/A",false,"#N/A","#N/A","#N/A","#N/A","#N/A","#N/A","#N/A"
6c4a04cd-7c30-4a2b-b76d-5689f139ba49,8 Gallon Bag in Box Syrup- Recurring,"#N/A","#N/A",BEV,false,Low-Code Lemon-Lime Syrup,POP-R-4,"#N/A",Default,One per quote line,"#N/A","#N/A","#N/A",Quantity,"#N/A",false,"#N/A","#N/A","#N/A","#N/A","#N/A","#N/A","#N/A","#N/A","#N/A",false,"#N/A","#N/A",false,"#N/A","#N/A",1.0,false,"#N/A","#N/A",false,false,false,false,"#N/A",false,false,false,false,false,false,false,false,"#N/A",Click,false,false,"#N/A",false,List,"#N/A",true,"#N/A",false,"#N/A","#N/A","#N/A",List,"#N/A","#N/A",Fixed Price,"#N/A",1.0,Renewable,"#N/A",false,"#N/A","#N/A","#N/A","#N/A","#N/A","#N/A","#N/A"
6caa0569-a706-4582-86dc-48c96caaf23c,10 Gallon Bag in Box Syrup- One time,"#N/A","#N/A",BEV,false,Org-to-Org Orange Syrup,POP-OT-6,"#N/A",Default,One per quote line,"#N/A","#N/A","#N/A",Quantity,"#N/A",false,"#N/A","#N/A","#N/A","#N/A","#N/A","#N/A","#N/A","#N/A","#N/A",false,"#N/A","#N/A",false,"#N/A","#N/A",1.0,false,"#N/A","#N/A",false,false,false,false,"#N/A",false,false,false,false,false,false,false,false,"#N/A",Click,false,false,"#N/A",false,List,"#N/A",true,"#N/A",false,"#N/A","#N/A","#N/A",List,"#N/A","#N/A","#N/A","#N/A","#N/A",One-time,"#N/A",false,"#N/A","#N/A","#N/A","#N/A","#N/A","#N/A","#N/A"
6f2ecf32-e6c1-4d74-a90e-e8bc2b7219b2,10 Gallon Bag in Box Syrup- One time,"#N/A","#N/A",BEV,false,Org-to-Org Orange Syrup,POP-OT-6,"#N/A",Default,One per quote line,"#N/A","#N/A","#N/A",Quantity,"#N/A",false,"#N/A","#N/A","#N/A","#N/A","#N/A","#N/A","#N/A","#N/A","#N/A",false,"#N/A","#N/A",false,"#N/A","#N/A",1.0,false,"#N/A","#N/A",false,false,false,false,"#N/A",false,false,false,false,false,false,false,false,"#N/A",Click,false,false,"#N/A",false,List,"#N/A",true,"#N/A",false,"#N/A","#N/A","#N/A",List,"#N/A","#N/A","#N/A","#N/A","#N/A",One-time,"#N/A",false,"#N/A","#N/A","#N/A","#N/A","#N/A","#N/A","#N/A"
715e7d4d-e8a9-4157-bce5-963e0bbffbd9,5 Gallon Bag in Box Syrup- One time,"#N/A","#N/A","#N/A",true,Prodly Cola Syrup,POP-OT-1,"#N/A",Default,One per quote line,"#N/A","#N/A","#N/A",Quantity,"#N/A",false,"#N/A","#N/A","#N/A","#N/A","#N/A","#N/A","#N/A","#N/A","#N/A",false,"#N/A","#N/A",false,"#N/A","#N/A",1.0,false,"#N/A","#N/A",false,false,false,false,"#N/A",false,false,false,false,false,false,false,false,"#N/A",Click,false,false,"#N/A",false,List,"#N/A",true,"#N/A",false,"#N/A","#N/A","#N/A",List,"#N/A","#N/A","#N/A","#N/A","#N/A",One-time,"#N/A",false,"#N/A","#N/A","#N/A","#N/A","#N/A","#N/A","#N/A"
744afced-4e5c-4bcf-ae85-7930312707a5,Secure Security Manager,"#N/A","#N/A",Security Management,true,Secure Security Manager,SM4,"#N/A",Default,One per quote line,"#N/A","#N/A","#N/A",Quantity,"#N/A",false,"#N/A","#N/A","#N/A","#N/A","#N/A","#N/A","#N/A","#N/A","#N/A",false,"#N/A","#N/A",false,"#N/A","#N/A",10.0,false,"#N/A","#N/A",false,false,false,false,"#N/A",false,false,false,false,false,false,false,false,"#N/A",Click,false,false,"#N/A",false,List,0155f000000xYfw,true,"#N/A",false,"#N/A","#N/A","#N/A",List,"#N/A","#N/A","#N/A","#N/A","#N/A",Renewable,"#N/A",false,"#N/A","#N/A","#N/A","#N/A","#N/A","#N/A","#N/A"
74deb273-192c-4797-af78-2f4bdaa58a98,8 24-count Boxes of our best selling blends.- Recurring,"#N/A","#N/A",BEV,false,Best Sellers Varieties Curated Collection,COF-R-1,"#N/A",Default,One per quote line,"#N/A","#N/A","#N/A",Quantity,"#N/A",false,"#N/A","#N/A","#N/A","#N/A","#N/A","#N/A","#N/A","#N/A","#N/A",false,"#N/A","#N/A",false,"#N/A","#N/A",1.0,false,"#N/A","#N/A",false,false,false,false,"#N/A",false,false,false,false,false,false,false,false,"#N/A",Click,false,false,"#N/A",false,List,"#N/A",true,"#N/A",false,"#N/A","#N/A","#N/A",List,"#N/A","#N/A",Fixed Price,"#N/A",1.0,Renewable,"#N/A",false,"#N/A","#N/A","#N/A","#N/A","#N/A","#N/A","#N/A"
76937175-7730-420e-a46d-08d87520c377,1 24-count Box of K-Cups Pods- One time,"#N/A","#N/A",BEV,false,Declarative Decaf,COF-OT-2,"#N/A",Default,One per quote line,"#N/A","#N/A","#N/A",Quantity,"#N/A",false,"#N/A","#N/A","#N/A","#N/A","#N/A","#N/A","#N/A","#N/A","#N/A",false,"#N/A","#N/A",false,"#N/A","#N/A",1.0,false,"#N/A","#N/A",false,false,false,false,"#N/A",false,false,false,false,false,false,false,false,"#N/A",Click,false,false,"#N/A",false,List,"#N/A",true,"#N/A",false,"#N/A","#N/A","#N/A",List,"#N/A","#N/A","#N/A","#N/A","#N/A",One-time,"#N/A",false,"#N/A","#N/A","#N/A","#N/A","#N/A","#N/A","#N/A"
77e7fa06-5b3c-432a-b356-6159fc3a98b0,1 24-count Box of K-Cups Pods- Recurring,"#N/A","#N/A",BEV,false,Pumpkin Sandbox Latte,COF-R-3,"#N/A",Default,One per quote line,"#N/A","#N/A","#N/A",Quantity,"#N/A",false,"#N/A","#N/A","#N/A","#N/A","#N/A","#N/A","#N/A","#N/A","#N/A",false,"#N/A","#N/A",false,"#N/A","#N/A",1.0,false,"#N/A","#N/A",false,false,false,false,"#N/A",false,false,false,false,false,false,false,false,"#N/A",Click,false,false,"#N/A",false,List,"#N/A",true,"#N/A",false,"#N/A","#N/A","#N/A",List,"#N/A","#N/A",Fixed Price,"#N/A",1.0,Renewable,"#N/A",false,"#N/A","#N/A","#N/A","#N/A","#N/A","#N/A","#N/A"
7f1b23aa-23e2-46f0-bda6-b59a69f36394,Secure Event Manager,"#N/A","#N/A",Security Management,true,Secure Event Manager,SM2,"#N/A",Default,One per quote line,"#N/A","#N/A","#N/A",Quantity,"#N/A",false,"#N/A","#N/A","#N/A","#N/A","#N/A","#N/A","#N/A","#N/A","#N/A",false,"#N/A","#N/A",false,"#N/A","#N/A",10.0,false,"#N/A","#N/A",false,false,false,false,"#N/A",false,false,false,false,false,false,false,false,"#N/A",Click,false,false,"#N/A",false,List,0155f000000xYfm,true,"#N/A",false,"#N/A","#N/A","#N/A",List,"#N/A","#N/A","#N/A","#N/A","#N/A",Renewable,"#N/A",false,"#N/A","#N/A","#N/A","#N/A","#N/A","#N/A","#N/A"
7fd22bbf-2852-40bb-bcff-ad64c2ecae42,Remote Implementation Support,"#N/A","#N/A",Implementation Services,true,Remote Implementation Support,IS1,"#N/A",Default,One per quote line,"#N/A","#N/A","#N/A",Quantity,"#N/A",false,"#N/A","#N/A","#N/A","#N/A","#N/A","#N/A","#N/A","#N/A","#N/A",false,"#N/A","#N/A",false,"#N/A","#N/A",1.0,false,"#N/A","#N/A",false,false,false,false,"#N/A",false,false,false,false,false,false,false,false,"#N/A",Click,false,false,"#N/A",false,List,0155f000000xYfl,true,"#N/A",false,"#N/A","#N/A","#N/A",List,"#N/A","#N/A","#N/A","#N/A","#N/A",Renewable,"#N/A",false,"#N/A","#N/A","#N/A","#N/A","#N/A","#N/A","#N/A"
7fdc4065-a9b1-4cb0-af7a-1ebb323f9d41,8 Gallon Bag in Box Syrup- One time,"#N/A","#N/A",BEV,false,Low-Code Lemon-Lime Syrup,POP-OT-4,"#N/A",Default,One per quote line,"#N/A","#N/A","#N/A",Quantity,"#N/A",false,"#N/A","#N/A","#N/A","#N/A","#N/A","#N/A","#N/A","#N/A","#N/A",false,"#N/A","#N/A",false,"#N/A","#N/A",1.0,false,"#N/A","#N/A",false,false,false,false,"#N/A",false,false,false,false,false,false,false,false,"#N/A",Click,false,false,"#N/A",false,List,"#N/A",true,"#N/A",false,"#N/A","#N/A","#N/A",List,"#N/A","#N/A","#N/A","#N/A","#N/A",One-time,"#N/A",false,"#N/A","#N/A","#N/A","#N/A","#N/A","#N/A","#N/A"
8017221a-d2d8-4f63-9724-87e9c6611864,6 Gallon Bag in Box Syrup- One time,"#N/A","#N/A",BEV,false,Dr. Prod Syrup,POP-OT-2,"#N/A",Default,One per quote line,"#N/A","#N/A","#N/A",Quantity,"#N/A",false,"#N/A","#N/A","#N/A","#N/A","#N/A","#N/A","#N/A","#N/A","#N/A",false,"#N/A","#N/A",false,"#N/A","#N/A",1.0,false,"#N/A","#N/A",false,false,false,false,"#N/A",false,false,false,false,false,false,false,false,"#N/A",Click,false,false,"#N/A",false,List,"#N/A",true,"#N/A",false,"#N/A","#N/A","#N/A",List,"#N/A","#N/A","#N/A","#N/A","#N/A",One-time,"#N/A",false,"#N/A","#N/A","#N/A","#N/A","#N/A","#N/A","#N/A"
80daff2b-78f8-4d1e-a16a-324167a0a8ea,Business Plus Cloud Storage,"#N/A","#N/A",Cloud Storage,true,Business Plus Cloud Storage,CS3,"#N/A","#N/A","#N/A","#N/A","#N/A","#N/A","#N/A","#N/A",false,"#N/A","#N/A","#N/A","#N/A","#N/A","#N/A","#N/A","#N/A","#N/A",false,"#N/A","#N/A",false,"#N/A","#N/A",10.0,false,"#N/A","#N/A",false,false,false,false,"#N/A",false,false,false,false,false,false,false,false,"#N/A","#N/A",false,false,"#N/A",false,"#N/A",0155f000000xYfr,true,"#N/A",false,"#N/A","#N/A","#N/A","#N/A","#N/A","#N/A","#N/A","#N/A","#N/A","#N/A","#N/A",false,"#N/A","#N/A","#N/A","#N/A","#N/A","#N/A","#N/A"
82e3ed3e-3f7b-4988-a460-0092233d7f6a,"K-Cycle™ bins are bundled in packs of five (5), for offices that brew 24 K-Cup® pods or more a day - 450 K-Cup® pods per bin. Single bins are not available.- Recurring
 
EACH BIN INCLUDES
1. Pre-paid UPS return label affixed to bin
2. Pre-affixed bag and zip tie seal for brewed K-Cup® pod collection","#N/A","#N/A",SRV,false,KCup Recycling Program,SRV-R-1,"#N/A",Default,One per quote line,"#N/A","#N/A","#N/A",Quantity,"#N/A",true,"#N/A","#N/A","#N/A","#N/A","#N/A","#N/A","#N/A","#N/A","#N/A",false,"#N/A","#N/A",false,"#N/A","#N/A",1.0,false,"#N/A","#N/A",false,false,false,false,"#N/A",false,false,false,false,false,false,false,false,"#N/A",Click,false,false,"#N/A",false,List,"#N/A",true,"#N/A",false,"#N/A","#N/A","#N/A",List,"#N/A","#N/A",Fixed Price,"#N/A",1.0,Renewable,"#N/A",false,"#N/A","#N/A","#N/A","#N/A","#N/A","#N/A","#N/A"
83e239d0-02b5-44a4-a201-efa91f840887,1 24-count Box of K-Cups Pods- Recurring,"#N/A","#N/A",BEV,false,Deployment Dark Roast,COF-R-4,"#N/A",Default,One per quote line,"#N/A","#N/A","#N/A",Quantity,"#N/A",false,"#N/A","#N/A","#N/A","#N/A","#N/A","#N/A","#N/A","#N/A","#N/A",false,"#N/A","#N/A",false,"#N/A","#N/A",1.0,false,"#N/A","#N/A",false,false,false,false,"#N/A",false,false,false,false,false,false,false,false,"#N/A",Click,false,false,"#N/A",false,List,"#N/A",true,"#N/A",false,"#N/A","#N/A","#N/A",List,"#N/A","#N/A",Fixed Price,"#N/A",1.0,Renewable,"#N/A",false,"#N/A","#N/A","#N/A","#N/A","#N/A","#N/A","#N/A"
841dc3a6-5e9a-47ea-b690-771457f96754,6 Gallon Bag in Box Syrup- One time,"#N/A","#N/A",BEV,false,Dr. Prod Syrup,POP-OT-2,"#N/A",Default,One per quote line,"#N/A","#N/A","#N/A",Quantity,"#N/A",false,"#N/A","#N/A","#N/A","#N/A","#N/A","#N/A","#N/A","#N/A","#N/A",false,"#N/A","#N/A",false,"#N/A","#N/A",1.0,false,"#N/A","#N/A",false,false,false,false,"#N/A",false,false,false,false,false,false,false,false,"#N/A",Click,false,false,"#N/A",false,List,"#N/A",true,"#N/A",false,"#N/A","#N/A","#N/A",List,"#N/A","#N/A","#N/A","#N/A","#N/A",One-time,"#N/A",false,"#N/A","#N/A","#N/A","#N/A","#N/A","#N/A","#N/A"
855d710e-ef0b-4d4a-841a-31ae2b88f2c3,25+ User Training,"#N/A","#N/A",Training,true,25+ User Training,T2,"#N/A",Default,One per quote line,"#N/A","#N/A","#N/A",Quantity,"#N/A",false,"#N/A","#N/A","#N/A","#N/A","#N/A","#N/A","#N/A","#N/A","#N/A",false,"#N/A","#N/A",false,"#N/A","#N/A",1.0,false,"#N/A","#N/A",false,false,false,false,"#N/A",false,false,false,false,false,false,false,false,"#N/A",Click,false,false,"#N/A",false,List,0155f000000xYfn,true,"#N/A",false,"#N/A","#N/A","#N/A",List,"#N/A","#N/A","#N/A","#N/A","#N/A",Renewable,"#N/A",false,"#N/A","#N/A","#N/A","#N/A","#N/A","#N/A","#N/A"
8a0a95b5-b4cb-4a15-99b4-baaa7faf50b8,1 24-count Box of K-Cups Pods- One time,"#N/A","#N/A",BEV,false,Pumpkin Sandbox Latte,COF-OT-3,"#N/A",Default,One per quote line,"#N/A","#N/A","#N/A",Quantity,"#N/A",false,"#N/A","#N/A","#N/A","#N/A","#N/A","#N/A","#N/A","#N/A","#N/A",false,"#N/A","#N/A",false,"#N/A","#N/A",1.0,false,"#N/A","#N/A",false,false,false,false,"#N/A",false,false,false,false,false,false,false,false,"#N/A",Click,false,false,"#N/A",false,List,"#N/A",true,"#N/A",false,"#N/A","#N/A","#N/A",List,"#N/A","#N/A","#N/A","#N/A","#N/A",One-time,"#N/A",false,"#N/A","#N/A","#N/A","#N/A","#N/A","#N/A","#N/A"
8cbb9edf-9568-4649-92bc-57d733c6092a,"#N/A","#N/A","#N/A","#N/A",true,Soda Starter Bundle,SSB-B,"#N/A",Default,One per quote line,"#N/A","#N/A","#N/A",Quantity,"#N/A",false,"#N/A",Always,"#N/A","#N/A","#N/A",Required,"#N/A","#N/A","#N/A",false,"#N/A","#N/A",false,"#N/A","#N/A",1.0,false,"#N/A","#N/A",false,false,false,false,"#N/A",false,false,false,false,false,false,false,false,"#N/A",Click,false,false,"#N/A",false,List,"#N/A",true,"#N/A",false,"#N/A","#N/A","#N/A",List,"#N/A","#N/A","#N/A","#N/A","#N/A",One-time,"#N/A",false,"#N/A","#N/A","#N/A","#N/A","#N/A","#N/A","#N/A"
8cd6cd86-5933-4ded-bf3e-3d0792b4add6,9 Gallon Bag in Box Syrup- Recurring,"#N/A","#N/A",BEV,false,Go-Live Grape Syrup,POP-R-5,"#N/A",Default,One per quote line,"#N/A","#N/A","#N/A",Quantity,"#N/A",false,"#N/A","#N/A","#N/A","#N/A","#N/A","#N/A","#N/A","#N/A","#N/A",false,"#N/A","#N/A",false,"#N/A","#N/A",1.0,false,"#N/A","#N/A",false,false,false,false,"#N/A",false,false,false,false,false,false,false,false,"#N/A",Click,false,false,"#N/A",false,List,"#N/A",true,"#N/A",false,"#N/A","#N/A","#N/A",List,"#N/A","#N/A",Fixed Price,"#N/A",1.0,Renewable,"#N/A",false,"#N/A","#N/A","#N/A","#N/A","#N/A","#N/A","#N/A"
8d83b4c4-63d5-423e-8c54-a8b41f04db08,9 Gallon Bag in Box Syrup- Recurring,"#N/A","#N/A",BEV,false,Go-Live Grape Syrup,POP-R-5,"#N/A",Default,One per quote line,"#N/A","#N/A","#N/A",Quantity,"#N/A",false,"#N/A","#N/A","#N/A","#N/A","#N/A","#N/A","#N/A","#N/A","#N/A",false,"#N/A","#N/A",false,"#N/A","#N/A",1.0,false,"#N/A","#N/A",false,false,false,false,"#N/A",false,false,false,false,false,false,false,false,"#N/A",Click,false,false,"#N/A",false,List,"#N/A",true,"#N/A",false,"#N/A","#N/A","#N/A",List,"#N/A","#N/A",Fixed Price,"#N/A",1.0,Renewable,"#N/A",false,"#N/A","#N/A","#N/A","#N/A","#N/A","#N/A","#N/A"
8df9735f-d6e9-45e8-9678-a14433bb326e,6 Gallon Bag in Box Syrup- Recurring,"#N/A","#N/A",BEV,false,Dr. Prod Syrup,POP-R-2,"#N/A",Default,One per quote line,"#N/A","#N/A","#N/A",Quantity,"#N/A",false,"#N/A","#N/A","#N/A","#N/A","#N/A","#N/A","#N/A","#N/A","#N/A",false,"#N/A","#N/A",false,"#N/A","#N/A",1.0,false,"#N/A","#N/A",false,false,false,false,"#N/A",false,false,false,false,false,false,false,false,"#N/A",Click,false,false,"#N/A",false,List,"#N/A",true,"#N/A",false,"#N/A","#N/A","#N/A",List,"#N/A","#N/A",Fixed Price,"#N/A",1.0,Renewable,"#N/A",false,"#N/A","#N/A","#N/A","#N/A","#N/A","#N/A","#N/A"
8e370159-273d-4261-a663-029ed0e3de86,"#N/A","#N/A","#N/A","#N/A",true,Soda Starter Bundle,SSB-B,"#N/A",Default,One per quote line,"#N/A","#N/A","#N/A",Quantity,"#N/A",false,"#N/A",Always,"#N/A","#N/A","#N/A",Required,"#N/A","#N/A","#N/A",false,"#N/A","#N/A",false,"#N/A","#N/A",1.0,false,"#N/A","#N/A",false,false,false,false,"#N/A",false,false,false,false,false,false,false,false,"#N/A",Click,false,false,"#N/A",false,List,"#N/A",true,"#N/A",false,"#N/A","#N/A","#N/A",List,"#N/A","#N/A","#N/A","#N/A","#N/A",One-time,"#N/A",false,"#N/A","#N/A","#N/A","#N/A","#N/A","#N/A","#N/A"
8ec354a1-2efa-472b-b4f8-dc93284f26ae,7 Gallon Bag in Box Syrup- One time,"#N/A","#N/A",BEV,false,Deploy Dew Syrup,POP-OT-3,"#N/A",Default,One per quote line,"#N/A","#N/A","#N/A",Quantity,"#N/A",false,"#N/A","#N/A","#N/A","#N/A","#N/A","#N/A","#N/A","#N/A","#N/A",false,"#N/A","#N/A",false,"#N/A","#N/A",1.0,false,"#N/A","#N/A",false,false,false,false,"#N/A",false,false,false,false,false,false,false,false,"#N/A",Click,false,false,"#N/A",false,List,"#N/A",true,"#N/A",false,"#N/A","#N/A","#N/A",List,"#N/A","#N/A","#N/A","#N/A","#N/A",One-time,"#N/A",false,"#N/A","#N/A","#N/A","#N/A","#N/A","#N/A","#N/A"
96461602-cbe6-452e-abd1-471469c459c9,"#N/A","#N/A","#N/A","#N/A",true,Coffee Starter Bundle,CSB-B,"#N/A",Default,One per quote line,"#N/A","#N/A","#N/A",Quantity,"#N/A",false,"#N/A",Always,"#N/A","#N/A","#N/A",Required,"#N/A","#N/A","#N/A",false,"#N/A","#N/A",false,"#N/A","#N/A",1.0,false,"#N/A","#N/A",false,false,false,false,"#N/A",false,false,false,false,false,false,false,false,"#N/A",Click,false,false,"#N/A",false,List,"#N/A",true,"#N/A",false,"#N/A","#N/A","#N/A",List,"#N/A","#N/A","#N/A","#N/A","#N/A",One-time,"#N/A",false,"#N/A","#N/A","#N/A","#N/A","#N/A","#N/A","#N/A"
97860252-bcc7-477c-9ec5-fc6063dad3ee,1 24-count Box of K-Cups Pods- Recurring,"#N/A","#N/A",BEV,false,Version Control Cappuccino,COF-R-7,"#N/A",Default,One per quote line,"#N/A","#N/A","#N/A",Quantity,"#N/A",false,"#N/A","#N/A","#N/A","#N/A","#N/A","#N/A","#N/A","#N/A","#N/A",false,"#N/A","#N/A",false,"#N/A","#N/A",1.0,false,"#N/A","#N/A",false,false,false,false,"#N/A",false,false,false,false,false,false,false,false,"#N/A",Click,false,false,"#N/A",false,List,"#N/A",true,"#N/A",false,"#N/A","#N/A","#N/A",List,"#N/A","#N/A",Fixed Price,"#N/A",1.0,Renewable,"#N/A",false,"#N/A","#N/A","#N/A","#N/A","#N/A","#N/A","#N/A"
99177150-7d8f-4629-9bdc-0fac452f1966,Enterprise Cloud Storage,"#N/A","#N/A",Cloud Storage,true,Enterprise Cloud Storage,CS4,"#N/A","#N/A","#N/A","#N/A","#N/A","#N/A","#N/A","#N/A",false,"#N/A","#N/A","#N/A","#N/A","#N/A","#N/A","#N/A","#N/A","#N/A",false,"#N/A","#N/A",false,"#N/A","#N/A",1.0,false,"#N/A","#N/A",false,false,false,false,"#N/A",false,false,false,false,false,false,false,false,"#N/A","#N/A",false,false,"#N/A",false,"#N/A",0155f000000xYfr,true,"#N/A",false,"#N/A","#N/A","#N/A","#N/A","#N/A","#N/A","#N/A","#N/A","#N/A","#N/A","#N/A",false,"#N/A","#N/A","#N/A","#N/A","#N/A","#N/A","#N/A"
9977be7f-0b98-432b-8fa6-c5cf2e4d5d80,Safelog Secure Access VPN,"#N/A","#N/A",Endpoint,true,SafeLog Secure Access VPN,EP1,"#N/A",Default,One per quote line,"#N/A","#N/A","#N/A",Quantity,"#N/A",false,"#N/A","#N/A","#N/A","#N/A","#N/A","#N/A","#N/A","#N/A","#N/A",false,"#N/A","#N/A",false,"#N/A","#N/A",25.0,false,"#N/A","#N/A",false,false,false,false,"#N/A",false,false,false,false,false,false,false,false,"#N/A",Click,false,false,"#N/A",false,List,0155f000000xYfv,true,"#N/A",false,"#N/A","#N/A","#N/A",List,"#N/A","#N/A","#N/A","#N/A","#N/A",Renewable,"#N/A",false,"#N/A","#N/A","#N/A","#N/A","#N/A","#N/A","#N/A"
9ae3848b-a72c-4f23-8298-a91fa38abadd,1 24-count Box of K-Cups Pods- One time,"#N/A","#N/A",BEV,false,Uptime Espresso,COF-OT-6,"#N/A",Default,One per quote line,"#N/A","#N/A","#N/A",Quantity,"#N/A",false,"#N/A","#N/A","#N/A","#N/A","#N/A","#N/A","#N/A","#N/A","#N/A",false,"#N/A","#N/A",false,"#N/A","#N/A",1.0,false,"#N/A","#N/A",false,false,false,false,"#N/A",false,false,false,false,false,false,false,false,"#N/A",Click,false,false,"#N/A",false,List,"#N/A",true,"#N/A",false,"#N/A","#N/A","#N/A",List,"#N/A","#N/A","#N/A","#N/A","#N/A",Renewable,"#N/A",false,"#N/A","#N/A","#N/A","#N/A","#N/A","#N/A","#N/A"
a82e6e50-53e7-42c3-a5ce-4498856ca2db,8 24-count Boxes of our best selling blends.- One time,"#N/A","#N/A",BEV,false,Best Sellers Varieties Curated Collection,COF-OT-1,"#N/A",Default,One per quote line,"#N/A","#N/A","#N/A",Quantity,"#N/A",false,"#N/A","#N/A","#N/A","#N/A","#N/A","#N/A","#N/A","#N/A","#N/A",false,"#N/A","#N/A",false,"#N/A","#N/A",1.0,false,"#N/A","#N/A",false,false,false,false,"#N/A",false,false,false,false,false,false,false,false,"#N/A",Click,false,false,"#N/A",false,List,"#N/A",true,"#N/A",false,"#N/A","#N/A","#N/A",List,"#N/A","#N/A","#N/A","#N/A","#N/A",One-time,"#N/A",false,"#N/A","#N/A","#N/A","#N/A","#N/A","#N/A","#N/A"
a948f5c1-4b8e-4f80-be81-5def6dcc099a,10 Gallon Bag in Box Syrup- Recurring,"#N/A","#N/A",BEV,false,Org-to-Org Orange Syrup,POP-R-6,"#N/A",Default,One per quote line,"#N/A","#N/A","#N/A",Quantity,"#N/A",false,"#N/A","#N/A","#N/A","#N/A","#N/A","#N/A","#N/A","#N/A","#N/A",false,"#N/A","#N/A",false,"#N/A","#N/A",1.0,false,"#N/A","#N/A",false,false,false,false,"#N/A",false,false,false,false,false,false,false,false,"#N/A",Click,false,false,"#N/A",false,List,"#N/A",true,"#N/A",false,"#N/A","#N/A","#N/A",List,"#N/A","#N/A",Fixed Price,"#N/A",1.0,Renewable,"#N/A",false,"#N/A","#N/A","#N/A","#N/A","#N/A","#N/A","#N/A"
aa11bde1-45cb-4938-b745-d8a9e3e63f59,Subscription for one (1) Time and Expense Administrator.,"#N/A","#N/A",Licensing,true,T&E Suite Admin License,TE14,"#N/A",Default,One per quote line,"#N/A","#N/A","#N/A",Quantity,"#N/A",false,"#N/A","#N/A","#N/A","#N/A","#N/A","#N/A","#N/A","#N/A","#N/A",false,"#N/A","#N/A",false,"#N/A","#N/A",1.0,false,"#N/A","#N/A",false,false,false,false,"#N/A",false,false,false,false,false,false,false,false,"#N/A",Click,false,false,"#N/A",false,List,0155f000000xYfp,true,"#N/A",false,"#N/A","#N/A","#N/A",List,"#N/A","#N/A","#N/A","#N/A","#N/A",Renewable,"#N/A",false,"#N/A","#N/A","#N/A","#N/A","#N/A","#N/A","#N/A"
acb209c6-7c84-43c0-bb82-68a2526cd647,8 Gallon Bag in Box Syrup- Recurring,"#N/A","#N/A",BEV,false,Low-Code Lemon-Lime Syrup,POP-R-4,"#N/A",Default,One per quote line,"#N/A","#N/A","#N/A",Quantity,"#N/A",false,"#N/A","#N/A","#N/A","#N/A","#N/A","#N/A","#N/A","#N/A","#N/A",false,"#N/A","#N/A",false,"#N/A","#N/A",1.0,false,"#N/A","#N/A",false,false,false,false,"#N/A",false,false,false,false,false,false,false,false,"#N/A",Click,false,false,"#N/A",false,List,"#N/A",true,"#N/A",false,"#N/A","#N/A","#N/A",List,"#N/A","#N/A",Fixed Price,"#N/A",1.0,Renewable,"#N/A",false,"#N/A","#N/A","#N/A","#N/A","#N/A","#N/A","#N/A"
ad5ae8a4-d43a-4601-932d-c7a147fa82c3,1 24-count Box of K-Cups Pods- One time,"#N/A","#N/A",BEV,false,Deployment Dark Roast,COF-OT-4,"#N/A",Default,One per quote line,"#N/A","#N/A","#N/A",Quantity,"#N/A",false,"#N/A","#N/A","#N/A","#N/A","#N/A","#N/A","#N/A","#N/A","#N/A",false,"#N/A","#N/A",false,"#N/A","#N/A",1.0,false,"#N/A","#N/A",false,false,false,false,"#N/A",false,false,false,false,false,false,false,false,"#N/A",Click,false,false,"#N/A",false,List,"#N/A",true,"#N/A",false,"#N/A","#N/A","#N/A",List,"#N/A","#N/A","#N/A","#N/A","#N/A",One-time,"#N/A",false,"#N/A","#N/A","#N/A","#N/A","#N/A","#N/A","#N/A"
b0741a8c-afe3-47d1-ae03-86e8e3ab71ee,Business Password Vault,"#N/A","#N/A",Password Vault,true,Business Password Vault,PV2,"#N/A","#N/A","#N/A","#N/A","#N/A","#N/A","#N/A","#N/A",false,"#N/A","#N/A","#N/A","#N/A","#N/A","#N/A","#N/A","#N/A","#N/A",false,"#N/A","#N/A",false,"#N/A","#N/A",50.0,false,"#N/A","#N/A",false,false,false,false,"#N/A",false,false,false,false,false,false,false,false,"#N/A","#N/A",false,false,"#N/A",false,"#N/A",0155f000000xYfx,true,"#N/A",false,"#N/A","#N/A","#N/A","#N/A","#N/A","#N/A","#N/A","#N/A","#N/A","#N/A","#N/A",false,"#N/A","#N/A","#N/A","#N/A","#N/A","#N/A","#N/A"
bb35c0d7-6870-49ca-986d-88be8f2e20bc,1 24-count Box of K-Cups Pods- Recurring,"#N/A","#N/A",BEV,false,Uptime Espresso,COF-R-6,"#N/A",Default,One per quote line,"#N/A","#N/A","#N/A",Quantity,"#N/A",false,"#N/A","#N/A","#N/A","#N/A","#N/A","#N/A","#N/A","#N/A","#N/A",false,"#N/A","#N/A",false,"#N/A","#N/A",1.0,false,"#N/A","#N/A",false,false,false,false,"#N/A",false,false,false,false,false,false,false,false,"#N/A",Click,false,false,"#N/A",false,List,"#N/A",true,"#N/A",false,"#N/A","#N/A","#N/A",List,"#N/A","#N/A",Fixed Price,"#N/A",1.0,Renewable,"#N/A",false,"#N/A","#N/A","#N/A","#N/A","#N/A","#N/A","#N/A"
c02805d3-cbbe-41c6-b657-a065329f5929,7 Gallon Bag in Box Syrup- Recurring,"#N/A","#N/A",BEV,false,Deploy Dew Syrup,POP-R-3,"#N/A",Default,One per quote line,"#N/A","#N/A","#N/A",Quantity,"#N/A",false,"#N/A","#N/A","#N/A","#N/A","#N/A","#N/A","#N/A","#N/A","#N/A",false,"#N/A","#N/A",false,"#N/A","#N/A",1.0,false,"#N/A","#N/A",false,false,false,false,"#N/A",false,false,false,false,false,false,false,false,"#N/A",Click,false,false,"#N/A",false,List,"#N/A",true,"#N/A",false,"#N/A","#N/A","#N/A",List,"#N/A","#N/A",Fixed Price,"#N/A",1.0,Renewable,"#N/A",false,"#N/A","#N/A","#N/A","#N/A","#N/A","#N/A","#N/A"
c0b27169-a5d2-4e90-9d56-4fbbd8c7235f,Toshiba Chromebook 2,"#N/A","#N/A",Professional Services,true,Basic Consulting Plan,LT-TOSH,"#N/A",Default,One per quote line,"#N/A","#N/A","#N/A",Quantity,"#N/A",false,"#N/A","#N/A","#N/A","#N/A","#N/A","#N/A","#N/A","#N/A","#N/A",false,"#N/A","#N/A",false,"#N/A","#N/A",1.0,false,"#N/A","#N/A",false,false,false,false,"#N/A",false,false,false,false,false,false,false,false,"#N/A",Click,false,false,"#N/A",false,List,0155f000000xYfo,true,"#N/A",false,"#N/A","#N/A","#N/A",List,"#N/A","#N/A","#N/A","#N/A","#N/A",Renewable,"#N/A",false,"#N/A","#N/A","#N/A","#N/A","#N/A","#N/A","#N/A"
c13b0d4e-ad54-410c-be2c-59448f5d8429,7 Gallon Bag in Box Syrup- One time,"#N/A","#N/A",BEV,false,Deploy Dew Syrup,POP-OT-3,"#N/A",Default,One per quote line,"#N/A","#N/A","#N/A",Quantity,"#N/A",false,"#N/A","#N/A","#N/A","#N/A","#N/A","#N/A","#N/A","#N/A","#N/A",false,"#N/A","#N/A",false,"#N/A","#N/A",1.0,false,"#N/A","#N/A",false,false,false,false,"#N/A",false,false,false,false,false,false,false,false,"#N/A",Click,false,false,"#N/A",false,List,"#N/A",true,"#N/A",false,"#N/A","#N/A","#N/A",List,"#N/A","#N/A","#N/A","#N/A","#N/A",One-time,"#N/A",false,"#N/A","#N/A","#N/A","#N/A","#N/A","#N/A","#N/A"
c39fde40-9f26-41aa-a98e-c935e0e09e74,1 24-count Box of K-Cups Pods- One time,"#N/A","#N/A",BEV,false,Change Management Mocha,COF-OT-5,"#N/A",Default,One per quote line,"#N/A","#N/A","#N/A",Quantity,"#N/A",false,"#N/A","#N/A","#N/A","#N/A","#N/A","#N/A","#N/A","#N/A","#N/A",false,"#N/A","#N/A",false,"#N/A","#N/A",1.0,false,"#N/A","#N/A",false,false,false,false,"#N/A",false,false,false,false,false,false,false,false,"#N/A",Click,false,false,"#N/A",false,List,"#N/A",true,"#N/A",false,"#N/A","#N/A","#N/A",List,"#N/A","#N/A","#N/A","#N/A","#N/A",One-time,"#N/A",false,"#N/A","#N/A","#N/A","#N/A","#N/A","#N/A","#N/A"
c87e48e7-8572-4229-8a08-35b4c76f7275,1 24-count Box of K-Cups Pods- Recurring,"#N/A","#N/A",BEV,false,Change Management Mocha,COF-R-5,"#N/A",Default,One per quote line,"#N/A","#N/A","#N/A",Quantity,"#N/A",false,"#N/A","#N/A","#N/A","#N/A","#N/A","#N/A","#N/A","#N/A","#N/A",false,"#N/A","#N/A",false,"#N/A","#N/A",1.0,false,"#N/A","#N/A",false,false,false,false,"#N/A",false,false,false,false,false,false,false,false,"#N/A",Click,false,false,"#N/A",false,List,"#N/A",true,"#N/A",false,"#N/A","#N/A","#N/A",List,"#N/A","#N/A",Fixed Price,"#N/A",1.0,Renewable,"#N/A",false,"#N/A","#N/A","#N/A","#N/A","#N/A","#N/A","#N/A"
ca924d23-37a3-458c-9a36-c410a79d37e2,6 Gallon Bag in Box Syrup- Recurring,"#N/A","#N/A",BEV,false,Dr. Prod Syrup,POP-R-2,"#N/A",Default,One per quote line,"#N/A","#N/A","#N/A",Quantity,"#N/A",false,"#N/A","#N/A","#N/A","#N/A","#N/A","#N/A","#N/A","#N/A","#N/A",false,"#N/A","#N/A",false,"#N/A","#N/A",1.0,false,"#N/A","#N/A",false,false,false,false,"#N/A",false,false,false,false,false,false,false,false,"#N/A",Click,false,false,"#N/A",false,List,"#N/A",true,"#N/A",false,"#N/A","#N/A","#N/A",List,"#N/A","#N/A",Fixed Price,"#N/A",1.0,Renewable,"#N/A",false,"#N/A","#N/A","#N/A","#N/A","#N/A","#N/A","#N/A"
caf4e55e-aed2-41a0-9a91-5fec88c9917c,1 24-count Box of K-Cups Pods- Recurring,"#N/A","#N/A",BEV,false,Deployment Dark Roast,COF-R-4,"#N/A",Default,One per quote line,"#N/A","#N/A","#N/A",Quantity,"#N/A",false,"#N/A","#N/A","#N/A","#N/A","#N/A","#N/A","#N/A","#N/A","#N/A",false,"#N/A","#N/A",false,"#N/A","#N/A",1.0,false,"#N/A","#N/A",false,false,false,false,"#N/A",false,false,false,false,false,false,false,false,"#N/A",Click,false,false,"#N/A",false,List,"#N/A",true,"#N/A",false,"#N/A","#N/A","#N/A",List,"#N/A","#N/A",Fixed Price,"#N/A",1.0,Renewable,"#N/A",false,"#N/A","#N/A","#N/A","#N/A","#N/A","#N/A","#N/A"
cb322eb7-0247-41ba-abb7-367524b5a53c,6-25 User Training,"#N/A","#N/A",Training,true,6-25 User Training,T1,"#N/A",Default,One per quote line,"#N/A","#N/A","#N/A",Quantity,"#N/A",false,"#N/A","#N/A","#N/A","#N/A","#N/A","#N/A","#N/A","#N/A","#N/A",false,"#N/A","#N/A",false,"#N/A","#N/A",1.0,false,"#N/A","#N/A",false,false,false,false,"#N/A",false,false,false,false,false,false,false,false,"#N/A",Click,false,false,"#N/A",false,List,0155f000000xYfn,true,"#N/A",false,"#N/A","#N/A","#N/A",List,"#N/A","#N/A","#N/A","#N/A","#N/A",Renewable,"#N/A",false,"#N/A","#N/A","#N/A","#N/A","#N/A","#N/A","#N/A"
cb83d803-da12-4963-96ce-982eefb0f414,Company Wide Training,"#N/A","#N/A",Training,true,Company Wide Training,T4,"#N/A","#N/A","#N/A","#N/A","#N/A","#N/A","#N/A","#N/A",false,"#N/A","#N/A","#N/A","#N/A","#N/A","#N/A","#N/A","#N/A","#N/A",false,"#N/A","#N/A",false,"#N/A","#N/A",1.0,false,"#N/A","#N/A",false,false,false,false,"#N/A",false,false,false,false,false,false,false,false,"#N/A","#N/A",false,false,"#N/A",false,"#N/A",0155f000000xYfn,true,"#N/A",false,"#N/A","#N/A","#N/A","#N/A","#N/A","#N/A","#N/A","#N/A","#N/A","#N/A","#N/A",false,"#N/A","#N/A","#N/A","#N/A","#N/A","#N/A","#N/A"
cc92bbe5-4fb0-43f3-82f9-02c71149333a,1 24-count Box of K-Cups Pods- Recurring,"#N/A","#N/A",BEV,false,Change Management Mocha,COF-R-5,"#N/A",Default,One per quote line,"#N/A","#N/A","#N/A",Quantity,"#N/A",false,"#N/A","#N/A","#N/A","#N/A","#N/A","#N/A","#N/A","#N/A","#N/A",false,"#N/A","#N/A",false,"#N/A","#N/A",1.0,false,"#N/A","#N/A",false,false,false,false,"#N/A",false,false,false,false,false,false,false,false,"#N/A",Click,false,false,"#N/A",false,List,"#N/A",true,"#N/A",false,"#N/A","#N/A","#N/A",List,"#N/A","#N/A",Fixed Price,"#N/A",1.0,Renewable,"#N/A",false,"#N/A","#N/A","#N/A","#N/A","#N/A","#N/A","#N/A"
d029d538-c89e-4f9f-ba92-493b4d02891e,1 24-count Box of K-Cups Pods- One time,"#N/A","#N/A",BEV,false,Uptime Espresso,COF-OT-6,"#N/A",Default,One per quote line,"#N/A","#N/A","#N/A",Quantity,"#N/A",false,"#N/A","#N/A","#N/A","#N/A","#N/A","#N/A","#N/A","#N/A","#N/A",false,"#N/A","#N/A",false,"#N/A","#N/A",1.0,false,"#N/A","#N/A",false,false,false,false,"#N/A",false,false,false,false,false,false,false,false,"#N/A",Click,false,false,"#N/A",false,List,"#N/A",true,"#N/A",false,"#N/A","#N/A","#N/A",List,"#N/A","#N/A","#N/A","#N/A","#N/A",Renewable,"#N/A",false,"#N/A","#N/A","#N/A","#N/A","#N/A","#N/A","#N/A"
d2681b9b-7c55-488b-8967-e536a9eb39a0,1 24-count Box of K-Cups Pods- Recurring,"#N/A","#N/A",BEV,false,Declarative Decaf,COF-R-2,"#N/A",Default,One per quote line,"#N/A","#N/A","#N/A",Quantity,"#N/A",false,"#N/A","#N/A","#N/A","#N/A","#N/A","#N/A","#N/A","#N/A","#N/A",false,"#N/A","#N/A",false,"#N/A","#N/A",1.0,false,"#N/A","#N/A",false,false,false,false,"#N/A",false,false,false,false,false,false,false,false,"#N/A",Click,false,false,"#N/A",false,List,"#N/A",true,"#N/A",false,"#N/A","#N/A","#N/A",List,"#N/A","#N/A",Fixed Price,"#N/A",1.0,Renewable,"#N/A",false,"#N/A","#N/A","#N/A","#N/A","#N/A","#N/A","#N/A"
d34b47c6-7504-4fed-ae2c-be6c98640a38,Secure Endpoint Compliance Manager,"#N/A","#N/A",Security Management,true,Secure Endpoint Compliance Manager,SM3,"#N/A","#N/A","#N/A","#N/A","#N/A","#N/A","#N/A","#N/A",false,"#N/A","#N/A","#N/A","#N/A","#N/A","#N/A","#N/A","#N/A","#N/A",false,"#N/A","#N/A",false,"#N/A","#N/A",5.0,false,"#N/A","#N/A",false,false,false,false,"#N/A",false,false,false,false,false,false,false,false,"#N/A","#N/A",false,false,"#N/A",false,"#N/A",0155f000000xYfu,true,"#N/A",false,"#N/A","#N/A","#N/A","#N/A","#N/A","#N/A","#N/A","#N/A","#N/A","#N/A","#N/A",false,"#N/A","#N/A","#N/A","#N/A","#N/A","#N/A","#N/A"
d3510656-daf0-4568-a7c4-7f1ab154fb26,8 24-count Boxes of our best selling blends.- Recurring,"#N/A","#N/A",BEV,false,Best Sellers Varieties Curated Collection,COF-R-1,"#N/A",Default,One per quote line,"#N/A","#N/A","#N/A",Quantity,"#N/A",false,"#N/A","#N/A","#N/A","#N/A","#N/A","#N/A","#N/A","#N/A","#N/A",false,"#N/A","#N/A",false,"#N/A","#N/A",1.0,false,"#N/A","#N/A",false,false,false,false,"#N/A",false,false,false,false,false,false,false,false,"#N/A",Click,false,false,"#N/A",false,List,"#N/A",true,"#N/A",false,"#N/A","#N/A","#N/A",List,"#N/A","#N/A",Fixed Price,"#N/A",1.0,Renewable,"#N/A",false,"#N/A","#N/A","#N/A","#N/A","#N/A","#N/A","#N/A"
d4c8c4be-7749-4774-b909-8b6de4562ea3,Security Certification Training: Bastion,"#N/A","#N/A",Training,true,Security Certification Training: Bastion,SC3,"#N/A",Default,One per quote line,"#N/A","#N/A","#N/A",Quantity,"#N/A",false,"#N/A","#N/A","#N/A","#N/A","#N/A","#N/A","#N/A","#N/A","#N/A",false,"#N/A","#N/A",false,"#N/A","#N/A",5.0,false,"#N/A","#N/A",false,false,false,false,"#N/A",false,false,false,false,false,false,false,false,"#N/A",Click,false,false,"#N/A",false,List,0155f000000xYfs,true,"#N/A",false,"#N/A","#N/A","#N/A",List,"#N/A","#N/A","#N/A","#N/A","#N/A",Renewable,"#N/A",false,"#N/A","#N/A","#N/A","#N/A","#N/A","#N/A","#N/A"
d76a8426-faf5-45d9-88a1-2eae8b0697d6,Enterprise Plus Cloud Storage,"#N/A","#N/A",Cloud Storage,true,Enterprise Plus Cloud Storage,CS5,"#N/A","#N/A","#N/A","#N/A","#N/A","#N/A","#N/A","#N/A",false,"#N/A","#N/A","#N/A","#N/A","#N/A","#N/A","#N/A","#N/A","#N/A",false,"#N/A","#N/A",false,"#N/A","#N/A",1.0,false,"#N/A","#N/A",false,false,false,false,"#N/A",false,false,false,false,false,false,false,false,"#N/A","#N/A",false,false,"#N/A",false,"#N/A",0155f000000xYfr,true,"#N/A",false,"#N/A","#N/A","#N/A","#N/A","#N/A","#N/A","#N/A","#N/A","#N/A","#N/A","#N/A",false,"#N/A","#N/A","#N/A","#N/A","#N/A","#N/A","#N/A"
d82aa7f6-d4b8-476b-a007-f56cd07f1c77,12 Gallon Bag in Box Syrup- One time,"#N/A","#N/A",BEV,false,Agile Ginger Ale Syrup,POP-OT-8,"#N/A",Default,One per quote line,"#N/A","#N/A","#N/A",Quantity,"#N/A",false,"#N/A","#N/A","#N/A","#N/A","#N/A","#N/A","#N/A","#N/A","#N/A",false,"#N/A","#N/A",false,"#N/A","#N/A",1.0,false,"#N/A","#N/A",false,false,false,false,"#N/A",false,false,false,false,false,false,false,false,"#N/A",Click,false,false,"#N/A",false,List,"#N/A",true,"#N/A",false,"#N/A","#N/A","#N/A",List,"#N/A","#N/A","#N/A","#N/A","#N/A",One-time,"#N/A",false,"#N/A","#N/A","#N/A","#N/A","#N/A","#N/A","#N/A"
da463dd3-1dcf-43e9-b216-6a37ff66c8c2,A high capacity coffee maker designed for continuous use with direct water line plumbing.,"#N/A","#N/A",EQP,false,Keurig® K-2500® Plumbed Commercial Coffee Maker,EQP-OT-5,"#N/A",Default,One per quote line,"#N/A","#N/A","#N/A",Quantity,"#N/A",false,"#N/A","#N/A","#N/A","#N/A","#N/A","#N/A","#N/A","#N/A","#N/A",false,"#N/A","#N/A",false,"#N/A","#N/A",1.0,false,"#N/A","#N/A",false,false,false,false,"#N/A",false,false,false,false,false,false,false,false,"#N/A",Click,false,false,"#N/A",false,List,"#N/A",true,"#N/A",false,"#N/A","#N/A","#N/A",List,"#N/A","#N/A","#N/A","#N/A","#N/A",One-time,"#N/A",false,"#N/A","#N/A","#N/A","#N/A","#N/A","#N/A","#N/A"
e1bb2580-145c-4e0c-959b-d264789e021b,"Forces CO2 into water to create carbonation for sodas
No need to turn off CO2 or water to service; maintain electronics without depressurizing the tank
115V, 1/3 hp, 1725 RPM motor","#N/A","#N/A",EQP,false,Fastflow Carbonator,EQP-OT-2,"#N/A",Default,One per quote line,"#N/A","#N/A","#N/A",Quantity,"#N/A",false,"#N/A","#N/A","#N/A","#N/A","#N/A","#N/A","#N/A","#N/A","#N/A",false,"#N/A","#N/A",false,"#N/A","#N/A",1.0,false,"#N/A","#N/A",false,false,false,false,"#N/A",false,false,false,false,false,false,false,false,"#N/A",Click,false,false,"#N/A",false,List,"#N/A",true,"#N/A",false,"#N/A","#N/A","#N/A",List,"#N/A","#N/A","#N/A","#N/A","#N/A",One-time,"#N/A",false,"#N/A","#N/A","#N/A","#N/A","#N/A","#N/A","#N/A"
e214b86f-0c46-4318-8f7f-3b2684360c12,1 24-count Box of K-Cups Pods- Recurring,"#N/A","#N/A",BEV,false,Pumpkin Sandbox Latte,COF-R-3,"#N/A",Default,One per quote line,"#N/A","#N/A","#N/A",Quantity,"#N/A",false,"#N/A","#N/A","#N/A","#N/A","#N/A","#N/A","#N/A","#N/A","#N/A",false,"#N/A","#N/A",false,"#N/A","#N/A",1.0,false,"#N/A","#N/A",false,false,false,false,"#N/A",false,false,false,false,false,false,false,false,"#N/A",Click,false,false,"#N/A",false,List,"#N/A",true,"#N/A",false,"#N/A","#N/A","#N/A",List,"#N/A","#N/A",Fixed Price,"#N/A",1.0,Renewable,"#N/A",false,"#N/A","#N/A","#N/A","#N/A","#N/A","#N/A","#N/A"
e647a96c-1daa-4d40-9d1b-300ca8586063,1 24-count Box of K-Cups Pods- One time,"#N/A","#N/A",BEV,false,Deployment Dark Roast,COF-OT-4,"#N/A",Default,One per quote line,"#N/A","#N/A","#N/A",Quantity,"#N/A",false,"#N/A","#N/A","#N/A","#N/A","#N/A","#N/A","#N/A","#N/A","#N/A",false,"#N/A","#N/A",false,"#N/A","#N/A",1.0,false,"#N/A","#N/A",false,false,false,false,"#N/A",false,false,false,false,false,false,false,false,"#N/A",Click,false,false,"#N/A",false,List,"#N/A",true,"#N/A",false,"#N/A","#N/A","#N/A",List,"#N/A","#N/A","#N/A","#N/A","#N/A",One-time,"#N/A",false,"#N/A","#N/A","#N/A","#N/A","#N/A","#N/A","#N/A"
eab9c2fb-a3c0-4ebb-8059-d618db364423,"Fully programmable coffee maker with an interactive touch-screen that allows for a customizable brewing experience.
Includes Direct Plumb Kit Accessory","#N/A","#N/A",EQP,false,Keurig® K150P - Plumbed Commercial Coffee Maker,EQP-OT-4,"#N/A",Default,One per quote line,"#N/A","#N/A","#N/A",Quantity,"#N/A",false,"#N/A","#N/A","#N/A","#N/A","#N/A","#N/A","#N/A","#N/A","#N/A",false,"#N/A","#N/A",false,"#N/A","#N/A",1.0,false,"#N/A","#N/A",false,false,false,false,"#N/A",false,false,false,false,false,false,false,false,"#N/A",Click,false,false,"#N/A",false,List,"#N/A",true,"#N/A",false,"#N/A","#N/A","#N/A",List,"#N/A","#N/A","#N/A","#N/A","#N/A",One-time,"#N/A",false,"#N/A","#N/A","#N/A","#N/A","#N/A","#N/A","#N/A"
ec01c48d-31be-4777-8471-9d945c661b95,12 Gallon Bag in Box Syrup- One time,"#N/A","#N/A",BEV,false,Agile Ginger Ale Syrup,POP-OT-8,"#N/A",Default,One per quote line,"#N/A","#N/A","#N/A",Quantity,"#N/A",false,"#N/A","#N/A","#N/A","#N/A","#N/A","#N/A","#N/A","#N/A","#N/A",false,"#N/A","#N/A",false,"#N/A","#N/A",1.0,false,"#N/A","#N/A",false,false,false,false,"#N/A",false,false,false,false,false,false,false,false,"#N/A",Click,false,false,"#N/A",false,List,"#N/A",true,"#N/A",false,"#N/A","#N/A","#N/A",List,"#N/A","#N/A","#N/A","#N/A","#N/A",One-time,"#N/A",false,"#N/A","#N/A","#N/A","#N/A","#N/A","#N/A","#N/A"
f040f5a8-d67b-4f08-b675-d0e6c7092b74,9 Gallon Bag in Box Syrup- One time,"#N/A","#N/A",BEV,false,Go-Live Grape Syrup,POP-OT-5,"#N/A",Default,One per quote line,"#N/A","#N/A","#N/A",Quantity,"#N/A",false,"#N/A","#N/A","#N/A","#N/A","#N/A","#N/A","#N/A","#N/A","#N/A",false,"#N/A","#N/A",false,"#N/A","#N/A",1.0,false,"#N/A","#N/A",false,false,false,false,"#N/A",false,false,false,false,false,false,false,false,"#N/A",Click,false,false,"#N/A",false,List,"#N/A",true,"#N/A",false,"#N/A","#N/A","#N/A",List,"#N/A","#N/A","#N/A","#N/A","#N/A",One-time,"#N/A",false,"#N/A","#N/A","#N/A","#N/A","#N/A","#N/A","#N/A"
f1099cf9-c00b-4486-ba6a-e5ba85187172,7 Gallon Bag in Box Syrup- Recurring,"#N/A","#N/A",BEV,false,Deploy Dew Syrup,POP-R-3,"#N/A",Default,One per quote line,"#N/A","#N/A","#N/A",Quantity,"#N/A",false,"#N/A","#N/A","#N/A","#N/A","#N/A","#N/A","#N/A","#N/A","#N/A",false,"#N/A","#N/A",false,"#N/A","#N/A",1.0,false,"#N/A","#N/A",false,false,false,false,"#N/A",false,false,false,false,false,false,false,false,"#N/A",Click,false,false,"#N/A",false,List,"#N/A",true,"#N/A",false,"#N/A","#N/A","#N/A",List,"#N/A","#N/A",Fixed Price,"#N/A",1.0,Renewable,"#N/A",false,"#N/A","#N/A","#N/A","#N/A","#N/A","#N/A","#N/A"
f181ce8d-e7a6-49fe-87f1-c7e5ecbe6fd8,Personal Cloud Stoarge,"#N/A","#N/A",Cloud Storage,true,Personal Cloud Stoarge,CS1,"#N/A",Default,One per quote line,"#N/A","#N/A","#N/A",Quantity,"#N/A",false,"#N/A","#N/A","#N/A","#N/A","#N/A","#N/A","#N/A","#N/A","#N/A",false,"#N/A","#N/A",false,"#N/A","#N/A",1.0,false,"#N/A","#N/A",false,false,false,false,"#N/A",false,false,false,false,false,false,false,false,"#N/A",Click,false,false,"#N/A",false,List,0155f000000xYfr,true,"#N/A",false,"#N/A","#N/A","#N/A",List,"#N/A","#N/A","#N/A","#N/A","#N/A",Renewable,"#N/A",false,"#N/A","#N/A","#N/A","#N/A","#N/A","#N/A","#N/A"
f3779ea7-a8dc-49a5-82e5-2072a2dc7b8d,12 Gallon Bag in Box Syrup- Recurring,"#N/A","#N/A",BEV,false,Agile Ginger Ale Syrup,POP-R-8,"#N/A",Default,One per quote line,"#N/A","#N/A","#N/A",Quantity,"#N/A",false,"#N/A","#N/A","#N/A","#N/A","#N/A","#N/A","#N/A","#N/A","#N/A",false,"#N/A","#N/A",false,"#N/A","#N/A",1.0,false,"#N/A","#N/A",false,false,false,false,"#N/A",false,false,false,false,false,false,false,false,"#N/A",Click,false,false,"#N/A",false,List,"#N/A",true,"#N/A",false,"#N/A","#N/A","#N/A",List,"#N/A","#N/A",Fixed Price,"#N/A",1.0,Renewable,"#N/A",false,"#N/A","#N/A","#N/A","#N/A","#N/A","#N/A","#N/A"
f4de7013-f549-4b16-92d3-45bb144e88b4,"Consists of 10 lines bundled together
Each line is 3/8"" in diameter
Roll contains 100' of bundled tubing","#N/A","#N/A",EQP,false,100' Roll of 10 Line Bundled Tubing,EQP-OT-3,"#N/A",Default,One per quote line,"#N/A","#N/A","#N/A",Quantity,"#N/A",false,"#N/A","#N/A","#N/A","#N/A","#N/A","#N/A","#N/A","#N/A","#N/A",false,"#N/A","#N/A",false,"#N/A","#N/A",1.0,false,"#N/A","#N/A",false,false,false,false,"#N/A",false,false,false,false,false,false,false,false,"#N/A",Click,false,false,"#N/A",false,List,"#N/A",true,"#N/A",false,"#N/A","#N/A","#N/A",List,"#N/A","#N/A","#N/A","#N/A","#N/A",One-time,"#N/A",false,"#N/A","#N/A","#N/A","#N/A","#N/A","#N/A","#N/A"
f5b807ef-67b5-48a0-98a6-416fc4131e6b,5 Gallon Bag in Box Syrup- Recurring,"#N/A","#N/A",BEV,false,Prodly Cola Syrup,POP-R-1,"#N/A",Default,One per quote line,"#N/A","#N/A","#N/A",Quantity,"#N/A",false,"#N/A","#N/A","#N/A","#N/A","#N/A","#N/A","#N/A","#N/A","#N/A",false,"#N/A","#N/A",false,"#N/A","#N/A",1.0,false,"#N/A","#N/A",false,false,false,false,"#N/A",false,false,false,false,false,false,false,false,"#N/A",Click,false,false,"#N/A",false,List,"#N/A",true,"#N/A",false,"#N/A","#N/A","#N/A",List,"#N/A","#N/A",Fixed Price,"#N/A",1.0,Renewable,"#N/A",false,"#N/A","#N/A","#N/A","#N/A","#N/A","#N/A","#N/A"
f86c09fd-5899-408f-b2c0-6fe7c928db83,Business Cloud Storage,"#N/A","#N/A",Cloud Storage,true,Business Cloud Storage,CS2,"#N/A",Default,One per quote line,"#N/A","#N/A","#N/A",Quantity,"#N/A",false,"#N/A","#N/A","#N/A","#N/A","#N/A","#N/A","#N/A","#N/A","#N/A",false,"#N/A","#N/A",false,"#N/A","#N/A",1.0,false,"#N/A","#N/A",false,false,false,false,"#N/A",false,false,false,false,false,false,false,false,"#N/A",Click,false,false,"#N/A",false,List,0155f000000xYfr,true,"#N/A",false,"#N/A","#N/A","#N/A",List,"#N/A","#N/A","#N/A","#N/A","#N/A",Renewable,"#N/A",false,"#N/A","#N/A","#N/A","#N/A","#N/A","#N/A","#N/A"
fb6b9db1-273c-4462-99bd-a867e92e9579,11 Gallon Bag in Box Syrup- Recurring,"#N/A","#N/A",BEV,false,Release Root Beer Syrup,POP-R-7,"#N/A",Default,One per quote line,"#N/A","#N/A","#N/A",Quantity,"#N/A",false,"#N/A","#N/A","#N/A","#N/A","#N/A","#N/A","#N/A","#N/A","#N/A",false,"#N/A","#N/A",false,"#N/A","#N/A",1.0,false,"#N/A","#N/A",false,false,false,false,"#N/A",false,false,false,false,false,false,false,false,"#N/A",Click,false,false,"#N/A",false,List,"#N/A",true,"#N/A",false,"#N/A","#N/A","#N/A",List,"#N/A","#N/A",Fixed Price,"#N/A",1.0,Renewable,"#N/A",false,"#N/A","#N/A","#N/A","#N/A","#N/A","#N/A","#N/A"
fde1e1bf-0d1d-44ee-a7d2-bae2847e7532,"K-Cycle™ bins are bundled in packs of five (5), for offices that brew 24 K-Cup® pods or more a day - 450 K-Cup® pods per bin. Single bins are not available.- Recurring
 
EACH BIN INCLUDES
1. Pre-paid UPS return label affixed to bin
2. Pre-affixed bag and zip tie seal for brewed K-Cup® pod collection","#N/A","#N/A",SRV,false,KCup Recycling Program,SRV-R-1,"#N/A",Default,One per quote line,"#N/A","#N/A","#N/A",Quantity,"#N/A",true,"#N/A","#N/A","#N/A","#N/A","#N/A","#N/A","#N/A","#N/A","#N/A",false,"#N/A","#N/A",false,"#N/A","#N/A",1.0,false,"#N/A","#N/A",false,false,false,false,"#N/A",false,false,false,false,false,false,false,false,"#N/A",Click,false,false,"#N/A",false,List,"#N/A",true,"#N/A",false,"#N/A","#N/A","#N/A",List,"#N/A","#N/A",Fixed Price,"#N/A",1.0,Renewable,"#N/A",false,"#N/A","#N/A","#N/A","#N/A","#N/A","#N/A","#N/A"
