"Guid","SBQQ__Field__c","SBQQ__FilterFormula__c","SBQQ__FilterType__c","SBQQ__FilterVariable__c","SBQQ__Index__c","SBQQ__Object__c","SBQQ__Operator__c","SBQQ__Rule__c","SBQQ__TestedFormula__c","SBQQ__TestedVariable__c","SBQQ__Value__c"
0027ac61-190b-44e0-b553-1df2e7f2eb81,SBQQ__Product__c,"#N/A",Value,"#N/A","#N/A",Quote Line,not equals,a85da636-e089-452e-8b37-cc963c3edf8d,"#N/A","#N/A","#N/A"
00892246-57e5-44e6-a530-99c231c71071,Product Code,"#N/A",Value,"#N/A","#N/A",Quote Line,equals,3ab38c3e-e779-457e-9773-120184dd31c4,"#N/A","#N/A",WDCHIP
011a322c-45e7-46fb-b877-14a57e01041a,Product Code,"#N/A",Value,"#N/A",222.0,Quote Line,equals,89e1c22d-c836-4bdf-9799-c5ee8002660a,"#N/A","#N/A",EP-014
024d99f3-0c49-40a8-b1df-e36c0d293bed,Product Code,"#N/A",Value,"#N/A",222.0,Product Option,equals,1211f01c-a0ce-4532-b2c7-172733e4eca8,"#N/A","#N/A",EP-014
03a5ed43-457b-4aec-9d99-c06ad443d984,Product Code,"#N/A",Value,"#N/A",333.0,Quote Line,equals,4bd58cae-cbf4-4f7f-9068-aa32d9c6eead,"#N/A","#N/A",EP-015
0498b3f7-149f-4151-a43b-905f8f0238a4,SBQQ__Product__c,"#N/A",Value,"#N/A","#N/A",Quote Line,not equals,6bf7a2ed-cab9-46dd-94a2-6eaf7938b508,"#N/A","#N/A","#N/A"
04b7d34e-07af-4247-aa3f-5e118b83f259,Product Code,"#N/A",Value,"#N/A",333.0,Quote Line,equals,db2eee7c-e923-4e93-9973-451c8d492ae4,"#N/A","#N/A",EP-015
04ff0767-d41f-4a02-8331-741e9813ee72,Product Code,"#N/A",Value,"#N/A",444.0,Product Option,equals,942c2710-56df-424a-8a57-c68d6b9c9c2c,"#N/A","#N/A",EP-025
05041b19-45cd-4341-8325-e9da1c7ba42a,Product Code,"#N/A",Value,"#N/A",444.0,Product Option,equals,029dddc3-8b0b-4f4f-b661-4e12bfc4fe64,"#N/A","#N/A",EP-025
0660e8a5-0399-4a08-a096-0a774bb99c18,Product Code,"#N/A",Value,"#N/A",222.0,Product Option,equals,a3bb6ed8-1e21-428e-972a-0eba7d433310,"#N/A","#N/A",EP-014
06fc7afc-9dc0-4f1e-889e-be1192771bb9,Product Code,"#N/A",Value,"#N/A","#N/A",Quote,ends with,4710dfd1-592c-477a-ac98-da08cedaab20,"#N/A","#N/A","#N/A"
08765203-6f58-44bb-9e50-7b88cb371c5c,Product Code,"#N/A",Value,"#N/A",222.0,Quote Line,equals,d5f5ee7b-0079-4059-8343-6b55e54ee00b,"#N/A","#N/A",EP-014
089693ba-81a9-4078-a730-77fc903f47d8,SBQQ__Product__c,"#N/A",Value,"#N/A","#N/A",Quote Line,not equals,d65f0a32-5095-4f7e-80ff-909e6b41eee1,"#N/A","#N/A","#N/A"
08fecff3-1979-4f21-b13b-26013b5aef9a,Product Code,"#N/A",Value,"#N/A",333.0,Product Option,equals,029dddc3-8b0b-4f4f-b661-4e12bfc4fe64,"#N/A","#N/A",EP-015
09478fdc-d339-4b27-87c5-979d897ec651,Product Code,"#N/A",Value,"#N/A","#N/A",Quote Line,equals,36003906-4d3b-406c-ae0a-d2b9b12eed89,"#N/A","#N/A",WDCHIP
0a596e75-b793-4dd6-986d-a56e436bc809,Product Code,"#N/A",Value,"#N/A",444.0,Product Option,equals,1fa8278a-9609-418b-a50f-cec5b2944162,"#N/A","#N/A",EP-025
0e12b50d-c925-481e-84b7-3b1631d35902,SBQQ__ProductCode__c,"#N/A",Value,"#N/A","#N/A",Product Option,equals,d5d9644d-d300-4ddf-99e7-4c05f0625a78,"#N/A","#N/A",EP-025
0e1b3e81-570a-481c-a8a1-66642cb90e63,Product Code,"#N/A",Value,"#N/A",222.0,Product Option,equals,c18c6210-9426-4326-a420-7e296e70122e,"#N/A","#N/A",EP-014
0e47a40a-a37e-4b42-9177-fdc79ff8853f,Product Code,"#N/A",Value,"#N/A","#N/A",Quote,not equals,1087c80d-3165-4267-aa1b-9e6e1b2ce8f5,"#N/A","#N/A",123
0e549e56-5af1-4b47-aec3-de37dd1ab2f1,Protected_Devices__c,"#N/A",Value,"#N/A","#N/A",Product Option,greater than,e4011130-857c-4556-adef-3a75ddbbfcae,"#N/A","#N/A",0
0eccc775-07c2-4876-8d5e-93bed845ebab,Product Code,"#N/A",Value,"#N/A","#N/A",Quote Line,not equals,bec03e61-5f41-4e35-8931-db191cb56b1d,"#N/A","#N/A",Run-on-all-quotelines
0f26e1d3-aae9-4c40-844d-1539760c997e,Product Code,"#N/A",Value,"#N/A",444.0,Quote Line,equals,79d6aba5-2737-4fcd-95e2-b1083473d485,"#N/A","#N/A",EP-025
0f3a545b-79d0-47ff-ae93-458bfa0a1948,Product Code,"#N/A",Value,"#N/A",333.0,Product Option,equals,2ac3b2ec-9e63-4f4b-a3e1-ccd7bda0d139,"#N/A","#N/A",EP-015
10930366-b3bd-47e9-94c5-d173d3609dc5,SBQQ__ProductCode__c,"#N/A",Value,"#N/A","#N/A",Product Option,equals,ff79636f-2466-4eec-9002-e847e826e071,"#N/A","#N/A",EP-013
109d2496-5609-4b1f-8bcc-986e853a007d,SBQQ__Product__c,"#N/A",Value,"#N/A","#N/A",Quote Line,not equals,bfd4b857-4df9-47e6-abef-44224b75b222,"#N/A","#N/A","#N/A"
11486773-503e-456b-a3b4-afbb2c945fa6,Product Code,"#N/A",Value,"#N/A",222.0,Quote Line,equals,4bd58cae-cbf4-4f7f-9068-aa32d9c6eead,"#N/A","#N/A",EP-014
118c7281-921e-46c2-8179-0b4d894acfe0,Product Code,"#N/A",Variable,"#N/A","#N/A",Quote,ends with,467667f3-b6cf-470e-82d7-fdf41ced070a,"#N/A","#N/A","#N/A"
123aa5e2-df90-4716-a0c9-1ddf635fc6a5,Product Code,"#N/A",Value,"#N/A",444.0,Quote Line,equals,98296c1f-d0bb-4234-a887-8c94bf849f44,"#N/A","#N/A",EP-025
12561cc4-af37-4965-8d44-09a01e89bfef,Product Code,"#N/A",Value,"#N/A",444.0,Product Option,equals,302197af-8e26-4201-a8a5-eed7a9994b98,"#N/A","#N/A",EP-025
16ccb43b-f1a3-48fb-9b2c-0c6d4db14840,Protected_Devices__c,"#N/A",Value,"#N/A","#N/A",Product Option,greater than,976e43bf-7fd3-45df-9e3f-cd03400cc161,"#N/A","#N/A",0
178d7427-85b9-4717-a9f0-5813fc9842ff,SBQQ__Product__c,"#N/A",Value,"#N/A","#N/A",Quote Line,not equals,9d4deddb-5d34-4029-955e-8053ec702e46,"#N/A","#N/A","#N/A"
1926f0fa-2c50-4a31-b389-a6583df22aa3,Product Code,"#N/A",Value,"#N/A",333.0,Quote Line,equals,8fc85bfc-d97e-4f50-9557-b371c682bbb9,"#N/A","#N/A",EP-015
1a924058-46f0-4369-8629-fbaa2720478a,Product Code,"#N/A",Value,"#N/A","#N/A",Quote Line,not equals,9550e0df-1af0-4f60-a096-c1f9583c19ae,"#N/A","#N/A",fdhfvu6578
1ac0058f-b790-45d4-9dbc-5ab09eac1d04,SBQQ__Type__c,"#N/A",Value,"#N/A",111.0,Quote,equals,029dddc3-8b0b-4f4f-b661-4e12bfc4fe64,"#N/A","#N/A",Quote
1bc6791a-1fdb-46d6-9767-0c22eb789f10,Product Code,"#N/A",Value,"#N/A",444.0,Product Option,equals,c30ca1f0-79e9-48ee-9ea6-3eeb7d6c5a86,"#N/A","#N/A",EP-025
1c0d81b7-860b-4ea8-a876-37128eb2db6a,Product Code,"#N/A",Value,"#N/A","#N/A",Quote Line,equals,2a22e201-8163-47f2-a0f8-028bea5b9187,"#N/A","#N/A",WDCHIP
1c474332-9bea-4ebc-8fa4-72ed85a2721a,Product Code,"#N/A",Value,"#N/A",222.0,Quote Line,equals,f57211f3-d651-47dd-b11a-71afd7c157de,"#N/A","#N/A",EP-014
1d41689d-732e-44d5-84dc-835b526c744e,SBQQ__Product__c,"#N/A",Value,"#N/A","#N/A",Quote Line,not equals,c94dc5c4-8566-4270-8ba0-d5226c89b768,"#N/A","#N/A","#N/A"
1e06df53-0ddd-44d1-8083-4ddb08b240c4,Product Code,"#N/A",Value,"#N/A","#N/A",Quote Line,starts with,57917e53-328f-495f-a7f4-109b7f0774bb,"#N/A","#N/A",SRV
1f4eee5b-1980-46d0-86a4-657b3c31b351,SBQQ__Product__c,"#N/A",Value,"#N/A","#N/A",Quote Line,not equals,3dd774fb-fef1-452c-8152-a70da6491e28,"#N/A","#N/A","#N/A"
1f9c680a-2ff3-4322-b3be-a4372ecc7c61,Product Code,"#N/A",Value,"#N/A","#N/A",Quote Line,not equals,aba53f84-a001-446b-8d44-6e27accabde7,"#N/A","#N/A",Run-on-all-quotelines
217a43e6-1778-4aee-b096-a30377175c05,SBQQ__Type__c,"#N/A",Value,"#N/A",111.0,Quote,equals,d1413221-3b86-4bed-8efc-ae6e876b4672,"#N/A","#N/A",Quote
2241dcfc-972c-4d46-aa74-6750c3226fec,Product Code,"#N/A",Value,"#N/A","#N/A",Quote,ends with,da1e2b3c-0f7b-48f1-9456-e37938d3f457,"#N/A","#N/A","#N/A"
228c2c08-6ee2-402a-9b65-761f688ccf97,SBQQ__Product__c,"#N/A",Value,"#N/A","#N/A",Quote Line,not equals,3ee4ac82-8fca-4c54-a481-2036a6ab787b,"#N/A","#N/A","#N/A"
232abfca-6059-4d32-912d-7e432f279766,Product Code,"#N/A",Value,"#N/A","#N/A",Quote Line,not equals,1a035bb6-2989-455b-a805-14f3f30bccb7,"#N/A","#N/A",fdhfvu6578
23b34667-1537-4c32-825e-15648486378c,Product Code,"#N/A",Value,"#N/A","#N/A",Quote Line,not equals,9d91f5d2-9a6c-487d-ba51-830167d575c3,"#N/A","#N/A",fdhfvu6578
242e8fcb-c4cd-4787-9da1-e6f49394eea9,Product Code,"#N/A",Value,"#N/A",222.0,Product Option,equals,186ea1ee-f42a-4f11-bc57-7150b028f9e8,"#N/A","#N/A",EP-014
2483a781-78f9-43a4-a49f-8fddd6c42452,SBQQ__Product__c,"#N/A",Value,"#N/A","#N/A",Quote Line,not equals,37d54cba-0c5d-4554-a0b7-acd47bc4a1a6,"#N/A","#N/A","#N/A"
259ba3c2-0923-40e9-8190-b4b62b0a352c,SBQQ__ProductCode__c,"#N/A",Value,"#N/A","#N/A",Product Option,equals,efab5fee-1402-409b-9351-61e6e2d43899,"#N/A","#N/A",EP-013
25dadb4c-b696-4290-a0ea-57974bf02e32,SBQQ__Type__c,"#N/A",Value,"#N/A",111.0,Quote,equals,f57211f3-d651-47dd-b11a-71afd7c157de,"#N/A","#N/A",Quote
25f57756-033c-46eb-add5-2b1b981ce776,SBQQ__ProductCode__c,"#N/A",Value,"#N/A","#N/A",Product Option,equals,a4937a43-943c-4da0-8072-15a3505a4a30,"#N/A","#N/A",EP-013
26ffa2c5-4e00-48df-bd2a-726f0baf3e7a,SBQQ__Product__c,"#N/A",Value,"#N/A","#N/A",Quote Line,not equals,d6502794-f8b1-453c-8b56-78d479d54997,"#N/A","#N/A","#N/A"
2735358e-4b45-42f4-8756-31c5d88371f0,SBQQ__Product__c,"#N/A",Value,"#N/A","#N/A",Quote Line,not equals,6a9e8429-8c28-4e3f-b17e-232aec100958,"#N/A","#N/A","#N/A"
27adebc8-72c9-4a01-9ca9-7017417af19a,Product Code,"#N/A",Value,"#N/A","#N/A",Quote Line,not equals,db547fcb-0ccb-491d-9145-9c9aac40cedb,"#N/A","#N/A",Run-on-all-quotelines
27c16221-478f-4ea5-beb1-e1edb11af796,Product Code,"#N/A",Value,"#N/A","#N/A",Quote Line,not equals,30fa91d3-4fca-4112-84ef-f689d3c4622d,"#N/A","#N/A",Run-on-all-quotelines
280f2b3d-4846-4c43-ae80-5373f5bf4c86,Product Code,"#N/A",Value,"#N/A","#N/A",Quote,not equals,17d93187-eab2-48b2-8e78-ded27d36bec3,"#N/A","#N/A",123
2870e015-03ef-42f8-9024-f63a6e509009,Product Code,"#N/A",Value,"#N/A","#N/A",Quote Line,equals,e5cfc307-7691-4739-b380-c1374da67e77,"#N/A","#N/A",WDCHIP
294e3922-cde3-4351-abb0-6704ced95360,SBQQ__Product__c,"#N/A",Value,"#N/A","#N/A",Quote Line,not equals,a91f9e53-882b-424a-a457-0642f9d7f028,"#N/A","#N/A","#N/A"
2986291b-0951-4a42-a951-77ce8fd7af0c,SBQQ__ProductCode__c,"#N/A",Value,"#N/A","#N/A",Product Option,equals,6f8c655b-1e7e-4d9a-acec-a86d11420a84,"#N/A","#N/A",EP-025
29c3996d-b002-49f6-9e2b-b229d32ce0f9,SBQQ__Product__c,"#N/A",Value,"#N/A","#N/A",Quote Line,not equals,242fb506-1cf8-47f4-ae06-93fdb37d30cc,"#N/A","#N/A","#N/A"
2aa9e5f5-5a5a-46dc-bc72-674aaabfe6e1,Product Code,"#N/A",Value,"#N/A","#N/A",Quote Line,not equals,55e690f4-b8c6-4fa3-a059-41eb63f53d21,"#N/A","#N/A",Run-on-all-quotelines
2c26064f-e14d-4b62-8c72-865021e38b62,Product Code,"#N/A",Value,"#N/A",333.0,Quote Line,equals,15f18c9f-807e-460a-ac8d-28a30c7b1983,"#N/A","#N/A",EP-015
2d8c27a6-c5af-4295-8664-22e2379b2414,SBQQ__Type__c,"#N/A",Value,"#N/A",111.0,Quote,equals,2ac3b2ec-9e63-4f4b-a3e1-ccd7bda0d139,"#N/A","#N/A",Quote
2f3159a6-b442-4063-aae8-8515ace52f9a,SBQQ__ProductCode__c,"#N/A",Value,"#N/A","#N/A",Product Option,equals,a7f4f636-edc9-4639-af2b-a98ce8ccf001,"#N/A","#N/A",EP-013
2fcf35ef-d9e0-47a2-b1ed-fde9bca9e44e,SBQQ__Product__c,"#N/A",Value,"#N/A","#N/A",Quote Line,not equals,dcc5ca10-e2a3-4335-b609-a8fa2210b083,"#N/A","#N/A","#N/A"
30225dbd-5d3a-4605-bc73-a0022e43f106,SBQQ__Product__c,"#N/A",Value,"#N/A","#N/A",Quote Line,not equals,4f95a362-a0c1-45cf-ba11-50c390e71506,"#N/A","#N/A","#N/A"
3133eb35-5676-4a00-bb49-6a835d91ae76,SBQQ__Type__c,"#N/A",Value,"#N/A",111.0,Quote,equals,fd8b22b3-7ded-415e-b330-c11380d7e473,"#N/A","#N/A",Quote
31d82c0e-fb64-4e8b-8424-2fcd3e4e0b07,SBQQ__Product__c,"#N/A",Value,"#N/A","#N/A",Quote Line,not equals,abd3127b-ab35-4bea-852b-fb00c8277242,"#N/A","#N/A","#N/A"
354d1d52-6245-48c5-af00-85ffd48cc78f,Product Code,"#N/A",Value,"#N/A","#N/A",Quote Line,starts with,4ada0571-dade-47f1-8b25-5c37087ad4e4,"#N/A","#N/A",SRV
36c9c4fe-8937-4eaf-8d70-4436a3776538,Product Code,"#N/A",Value,"#N/A",222.0,Product Option,equals,942c2710-56df-424a-8a57-c68d6b9c9c2c,"#N/A","#N/A",EP-014
3829e1b9-b464-4d2d-a0db-b0d53fab996c,SBQQ__Type__c,"#N/A",Value,"#N/A",111.0,Quote,equals,db2eee7c-e923-4e93-9973-451c8d492ae4,"#N/A","#N/A",Quote
38cc19c8-42d6-4006-b37d-49cd50e329e7,Product Code,"#N/A",Value,"#N/A",444.0,Quote Line,equals,f57211f3-d651-47dd-b11a-71afd7c157de,"#N/A","#N/A",EP-025
3a251854-56be-4d0d-9d6b-41cbed42ba92,Product Code,"#N/A",Value,"#N/A",333.0,Product Option,equals,a3bb6ed8-1e21-428e-972a-0eba7d433310,"#N/A","#N/A",EP-015
3a4537e9-1b7f-42e7-9aed-b492563ae81d,Product Code,"#N/A",Value,"#N/A","#N/A",Quote Line,equals,923e7523-a43e-42df-994a-1ee017f7ec64,"#N/A","#N/A",WDCHIP
3b9924d9-397a-4021-9db9-396d184cffee,SBQQ__Type__c,"#N/A",Value,"#N/A",111.0,Quote,equals,718dc14b-1ac2-4692-a2ca-7bdc26724836,"#N/A","#N/A",Quote
3baa6755-371d-406a-8c89-f8cb173ed0c3,SBQQ__Type__c,"#N/A",Value,"#N/A",111.0,Quote,equals,a3bb6ed8-1e21-428e-972a-0eba7d433310,"#N/A","#N/A",Quote
3bec1303-fc3c-4ba8-afb7-b47fa193f5c2,SBQQ__Product__c,"#N/A",Value,"#N/A","#N/A",Quote Line,not equals,a4a72e73-b7ba-4630-bca0-3c50eb5dfbd9,"#N/A","#N/A","#N/A"
3d79ee17-901d-403d-b1f2-008c941bdfea,Product Code,"#N/A",Value,"#N/A","#N/A",Quote Line,equals,11c422ef-9dcb-4581-9cbe-fd1396b9e62f,"#N/A","#N/A",WDCHIP
3df80af3-82ce-492c-a0d0-d5f7082c1001,Product Code,"#N/A",Value,"#N/A",333.0,Product Option,equals,c30ca1f0-79e9-48ee-9ea6-3eeb7d6c5a86,"#N/A","#N/A",EP-015
3e2bfebc-003b-442b-9716-df86d078615d,SBQQ__Product__c,"#N/A",Value,"#N/A","#N/A",Quote Line,not equals,86183791-467e-49b8-af70-7877e7359597,"#N/A","#N/A","#N/A"
3ee52ea6-4c0a-49a3-9515-2e434c850c54,Product Code,"#N/A",Value,"#N/A",333.0,Quote Line,equals,98296c1f-d0bb-4234-a887-8c94bf849f44,"#N/A","#N/A",EP-015
3f85688c-e38c-4c6b-843c-de6988941637,Product Code,"#N/A",Value,"#N/A","#N/A",Quote Line,equals,f5808d3e-4e00-4395-a78a-b3ec90bb969a,"#N/A","#N/A",WDCHIP
4122490b-bfa2-46cd-a2f1-4cb75616ce44,SBQQ__Product__c,"#N/A",Value,"#N/A","#N/A",Quote Line,not equals,7047cdc6-1339-4cdc-9518-65d99a616bc0,"#N/A","#N/A","#N/A"
41b998d8-c8f4-4385-a101-86e4430ac453,Product Code,"#N/A",Value,"#N/A",222.0,Product Option,equals,4b6a28e6-fcc2-4209-bf0c-9f2084a642cf,"#N/A","#N/A",EP-014
42608cce-7043-4947-9972-b6cd5158e121,Protected_Devices__c,"#N/A",Value,"#N/A","#N/A",Product Option,greater than,7145de28-f5bd-4605-b293-db5f3aae634f,"#N/A","#N/A",0
42d24862-f41d-409b-b531-c147486f19cb,Product Code,"#N/A",Value,"#N/A","#N/A",Quote Line,not equals,34fa3612-15d4-4d3b-b32a-4a43f32b447e,"#N/A","#N/A",Run-on-all-quotelines
437d30b6-861f-41ac-951f-2627a41f90d6,SBQQ__Type__c,"#N/A",Value,"#N/A",111.0,Quote,equals,3a5d6fb4-7cdd-4d96-909a-c1ddaa72c7ea,"#N/A","#N/A",Quote
455c337d-d055-445c-857f-80a6a5a60ed3,SBQQ__Product__c,"#N/A",Value,"#N/A","#N/A",Quote Line,not equals,27274e70-9bdc-4e46-83e6-50cf547a90d8,"#N/A","#N/A","#N/A"
46ad0ed3-edce-424c-9b7f-7f524d4355cb,Product Code,"#N/A",Value,"#N/A","#N/A",Quote,not equals,9c408bb1-c0e0-4094-b332-be990a668b62,"#N/A","#N/A",123
46bc401d-af56-4bb5-8515-344aac1bf690,Product Code,"#N/A",Value,"#N/A",333.0,Quote Line,equals,524387a0-d670-4979-a090-1d412f0149db,"#N/A","#N/A",EP-015
474cd713-3b41-4db4-abcb-c2d7225da9f9,SBQQ__Type__c,"#N/A",Value,"#N/A",111.0,Quote,equals,db73d634-58d8-44f7-bb9f-e1dd4cb341ae,"#N/A","#N/A",Quote
486471ce-4894-409e-877a-55466803ebfc,Product Code,"#N/A",Value,"#N/A",333.0,Product Option,equals,db73d634-58d8-44f7-bb9f-e1dd4cb341ae,"#N/A","#N/A",EP-015
48909a39-13e7-4e2c-93e5-fc3ed63f269b,Product Code,"#N/A",Value,"#N/A","#N/A",Quote Line,not equals,8df55669-514f-4eb5-8fec-59a47ca75748,"#N/A","#N/A",fdhfvu6578
48b3a4e9-a9ab-466b-b7ec-5249b635f335,Product Code,"#N/A",Value,"#N/A",333.0,Product Option,equals,1211f01c-a0ce-4532-b2c7-172733e4eca8,"#N/A","#N/A",EP-015
48be8c9b-796e-49c5-a1c9-f95535cd1dac,Product Code,"#N/A",Value,"#N/A","#N/A",Quote Line,equals,c22d6401-ccbe-4515-bf1d-5e3434b73202,"#N/A","#N/A",WDCHIP
49b7c57a-14f6-401e-9305-accb8554b024,Product Code,"#N/A",Value,"#N/A",333.0,Quote Line,equals,1e281a21-2181-41b5-b326-6fa919d84bf1,"#N/A","#N/A",EP-015
4c2a9e14-579a-46d2-8cef-f38803c16e23,Product Code,"#N/A",Value,"#N/A",444.0,Quote Line,equals,fd8b22b3-7ded-415e-b330-c11380d7e473,"#N/A","#N/A",EP-025
4cad649c-2f91-4207-8fa1-f4d208d89cf0,Product Code,"#N/A",Value,"#N/A",333.0,Quote Line,equals,d5f5ee7b-0079-4059-8343-6b55e54ee00b,"#N/A","#N/A",EP-015
4da57c7d-42f0-4300-9f03-4beb76d71d48,Product Code,"#N/A",Variable,"#N/A","#N/A",Quote,ends with,2042716d-3bc9-4db6-9527-1ac0aabf7099,"#N/A","#N/A","#N/A"
4e8c927d-cf95-42ee-ad4a-b11f9e0e968f,Product Code,"#N/A",Value,"#N/A","#N/A",Quote Line,equals,75e5cec4-7665-4f36-9dbb-346d9531260c,"#N/A","#N/A",WDCHIP
4f30f87a-992c-4644-a329-34f5a7dae444,SBQQ__Product__c,"#N/A",Value,"#N/A","#N/A",Quote Line,not equals,3d501677-6191-45a2-b086-69f8787afc46,"#N/A","#N/A","#N/A"
4f8a1389-0067-4534-a8e3-f072e938c762,SBQQ__Product__c,"#N/A",Value,"#N/A","#N/A",Quote Line,not equals,b36a7902-108a-443c-9cea-5117257be3eb,"#N/A","#N/A","#N/A"
4ffbf5a5-8587-4bde-b8b9-9a520e7c96b7,SBQQ__Product__c,"#N/A",Value,"#N/A","#N/A",Quote Line,not equals,1a66e749-3244-42bf-8fe4-347880b8edc4,"#N/A","#N/A","#N/A"
50fc2e28-9408-4c11-a127-f353effb15fd,Product Code,"#N/A",Value,"#N/A","#N/A",Quote Line,not equals,ae6b6adf-6152-46ef-a861-d4e713fbf238,"#N/A","#N/A",Run-on-all-quotelines
51a71114-4fc5-444b-9876-156acd937bc3,Product Code,"#N/A",Value,"#N/A",444.0,Product Option,equals,db73d634-58d8-44f7-bb9f-e1dd4cb341ae,"#N/A","#N/A",EP-025
51c51eae-9e3a-41a7-8efa-b3226b26d320,SBQQ__Product__c,"#N/A",Value,"#N/A","#N/A",Quote Line,not equals,05b2e46c-503a-4f7a-9871-f0442f302ccd,"#N/A","#N/A","#N/A"
52d3723f-c2be-4044-ac0c-94fbf9676a28,SBQQ__ProductCode__c,"#N/A",Value,"#N/A","#N/A",Product Option,equals,bd7f6cd1-1568-4713-b6a9-c2bf68649af0,"#N/A","#N/A",EP-013
54a725d2-aef3-4f0a-8314-645b6c7449e5,Product Code,"#N/A",Value,"#N/A",333.0,Quote Line,equals,5d371ca5-32bb-4a42-8dd9-54ad7f1b9d63,"#N/A","#N/A",EP-015
556b21f5-1858-4530-a543-8e6eb15f3450,SBQQ__Product__c,"#N/A",Value,"#N/A","#N/A",Quote Line,not equals,3a537868-40a5-4f64-b777-1dc72a01acc6,"#N/A","#N/A","#N/A"
56223cfd-3adb-47e8-b34c-b4eeb150f9a8,SBQQ__ProductCode__c,"#N/A",Value,"#N/A","#N/A",Product Option,equals,5628316f-6899-4008-9599-93092ed40bb0,"#N/A","#N/A",EP-013
56808299-9e20-4264-acbc-d4df01a4bb48,SBQQ__ProductCode__c,"#N/A",Value,"#N/A","#N/A",Product Option,equals,64577668-90f8-487d-8e99-b084a7cc37ec,"#N/A","#N/A",EP-025
56e0af65-e426-456d-8c4e-6288b4966b28,Product Code,"#N/A",Value,"#N/A",222.0,Quote Line,equals,15f18c9f-807e-460a-ac8d-28a30c7b1983,"#N/A","#N/A",EP-014
58f2d0eb-0dcf-4b8a-8616-3ecad42a5d76,Protected_Devices__c,"#N/A",Value,"#N/A","#N/A",Product Option,greater than,35046688-2ef7-449d-9c70-fd269d21ea60,"#N/A","#N/A",0
58f6cc50-88c3-4d29-91b9-2c6253de9917,Product Code,"#N/A",Value,"#N/A",222.0,Quote Line,equals,524387a0-d670-4979-a090-1d412f0149db,"#N/A","#N/A",EP-014
59462874-6222-41e8-8600-f2d982aa947b,Product Code,"#N/A",Value,"#N/A",222.0,Quote Line,equals,5d371ca5-32bb-4a42-8dd9-54ad7f1b9d63,"#N/A","#N/A",EP-014
5975fd62-a21a-494a-b460-590ea18a1625,SBQQ__Product__c,"#N/A",Value,"#N/A","#N/A",Quote Line,not equals,7d594522-b404-4565-b204-d6e2bb46111c,"#N/A","#N/A","#N/A"
5a5ae761-71a7-40e4-a032-1cedc925ae0b,SBQQ__Type__c,"#N/A",Value,"#N/A",111.0,Quote,equals,22e3746c-6b7e-405a-a5a6-b1bbd03f56f2,"#N/A","#N/A",Quote
5aa9e752-96d0-41a1-a151-8d85edff48d0,Product Code,"#N/A",Value,"#N/A",333.0,Product Option,equals,186ea1ee-f42a-4f11-bc57-7150b028f9e8,"#N/A","#N/A",EP-015
5bd6c08d-5ec4-4c69-9df2-94fc7780ff23,SBQQ__Type__c,"#N/A",Value,"#N/A",111.0,Quote,equals,a36d81dd-cd2a-4f1e-a251-f349cbc67c63,"#N/A","#N/A",Quote
5cd61589-4468-4a49-a57b-a96bbfdf8eb3,SBQQ__Type__c,"#N/A",Value,"#N/A",111.0,Quote,equals,89e1c22d-c836-4bdf-9799-c5ee8002660a,"#N/A","#N/A",Quote
5ddc2194-1da4-46f0-b790-02f5c41239aa,SBQQ__ProductCode__c,"#N/A",Value,"#N/A","#N/A",Product Option,equals,d34f4b86-cae7-4b14-9f80-dcb6addee72e,"#N/A","#N/A",EP-025
5e651668-8191-4598-9b6c-e99b742cb589,SBQQ__Product__c,"#N/A",Value,"#N/A","#N/A",Quote Line,not equals,c8fcc946-3ac8-471d-827f-3bfdeeec7503,"#N/A","#N/A","#N/A"
5e80068e-ac2c-4936-90ff-3f543f203bbb,SBQQ__Type__c,"#N/A",Value,"#N/A",111.0,Quote,equals,8fc85bfc-d97e-4f50-9557-b371c682bbb9,"#N/A","#N/A",Quote
5f83182d-7c1d-43ed-8a92-061d24897048,SBQQ__Product__c,"#N/A",Value,"#N/A","#N/A",Quote Line,not equals,41844913-3dba-4fe9-a833-7309b7ce31e6,"#N/A","#N/A","#N/A"
61104ca7-e15d-4fa2-aec1-bdc63a39a22c,Product Code,"#N/A",Value,"#N/A","#N/A",Quote Line,equals,aedff7df-7cde-455a-9848-efa85f8ac2e6,"#N/A","#N/A",WDCHIP
612a3f86-d818-4be1-bf77-7080dadf4666,SBQQ__Product__c,"#N/A",Value,"#N/A","#N/A",Quote Line,not equals,9b96f8f3-1ee8-40be-ab94-48f5daf4492b,"#N/A","#N/A","#N/A"
6199e163-83e4-4543-9b8f-60772d6a6503,Product Code,"#N/A",Value,"#N/A","#N/A",Quote Line,equals,48dce003-f02d-433b-b274-ac029b0ae9dd,"#N/A","#N/A",WDCHIP
6238b45e-935c-4a33-bd12-70b4da984149,Product Code,"#N/A",Value,"#N/A",444.0,Quote Line,equals,70728f4e-ae13-4244-b115-93ddbdbbfcfa,"#N/A","#N/A",EP-025
6313bde3-cc8d-405d-b377-fb39dfcb642e,Product Code,"#N/A",Value,"#N/A",222.0,Product Option,equals,302197af-8e26-4201-a8a5-eed7a9994b98,"#N/A","#N/A",EP-014
637391b9-1a2e-47a7-8e99-ad2534d4eea9,Product Code,"#N/A",Value,"#N/A",222.0,Quote Line,equals,70728f4e-ae13-4244-b115-93ddbdbbfcfa,"#N/A","#N/A",EP-014
65cf2a17-d54c-4e3f-b933-a01905a27b85,Product Code,"#N/A",Value,"#N/A","#N/A",Quote Line,not equals,cba28205-5a1c-4e87-8b50-bf3724b896a5,"#N/A","#N/A",fdhfvu6578
6666f1bd-6c27-4702-afa6-54a5b911e49b,SBQQ__ProductCode__c,"#N/A",Value,"#N/A","#N/A",Product Option,equals,07ddf560-3f2b-4b51-a5c6-43cc0b5e5bd9,"#N/A","#N/A",EP-025
694aaa8f-00e9-485c-a7cf-ba23eca88da7,Product Code,"#N/A",Value,"#N/A",333.0,Quote Line,equals,d1413221-3b86-4bed-8efc-ae6e876b4672,"#N/A","#N/A",EP-015
698f3834-0efe-49f3-ab83-4c6e2c67d143,SBQQ__Product__c,"#N/A",Value,"#N/A","#N/A",Quote Line,not equals,0a21e42b-2e53-4025-afc1-bef842096d17,"#N/A","#N/A","#N/A"
6af1e673-1c45-4370-a87e-b19581fda0d3,SBQQ__Type__c,"#N/A",Value,"#N/A",111.0,Quote,equals,524387a0-d670-4979-a090-1d412f0149db,"#N/A","#N/A",Quote
6af3f768-2b75-4eea-b01e-20a7c6dc2bfa,Product Code,"#N/A",Value,"#N/A",222.0,Quote Line,equals,718dc14b-1ac2-4692-a2ca-7bdc26724836,"#N/A","#N/A",EP-014
6be984cb-5a4b-4c5a-be2a-3f16621fb45e,SBQQ__Product__c,"#N/A",Value,"#N/A","#N/A",Quote Line,not equals,291cebcf-26d0-4be4-b356-cb833bc025b6,"#N/A","#N/A","#N/A"
6bf07dd9-d3f2-4381-9a54-89fbf69a0ee7,Product Code,"#N/A",Value,"#N/A",222.0,Quote Line,equals,d1413221-3b86-4bed-8efc-ae6e876b4672,"#N/A","#N/A",EP-014
6cc2ab24-2272-48f6-ab8c-479292473c58,Product Code,"#N/A",Value,"#N/A",333.0,Product Option,equals,23084e8e-050e-4431-adfc-76dcf4ae1670,"#N/A","#N/A",EP-015
6d606957-9c82-4c64-beab-a4cc77d5e49d,Protected_Devices__c,"#N/A",Value,"#N/A","#N/A",Product Option,greater than,32f48a11-a7b7-43f4-937a-beb9f652c5a2,"#N/A","#N/A",0
6dcb9d5d-b566-4844-a47d-9d88a6ad1e50,SBQQ__Type__c,"#N/A",Value,"#N/A",111.0,Quote,equals,1211f01c-a0ce-4532-b2c7-172733e4eca8,"#N/A","#N/A",Quote
6e1829e3-e4d0-4b90-9d8a-a96736839574,SBQQ__Product__c,"#N/A",Value,"#N/A","#N/A",Quote Line,not equals,12a6bce4-27d0-4030-8967-305df04e30ed,"#N/A","#N/A","#N/A"
6e32e54e-5eba-4d10-9850-0115652e0deb,SBQQ__ProductCode__c,"#N/A",Value,"#N/A","#N/A",Product Option,equals,f1cee87e-5b04-451f-adb1-61ccc2e1de18,"#N/A","#N/A",EP-013
6e7ba6e7-b48c-48a3-984d-e94184bd6b01,Product Code,"#N/A",Value,"#N/A",222.0,Product Option,equals,fce45138-8bf6-403b-a1b0-7a0910036b3e,"#N/A","#N/A",EP-014
6e8bf152-209f-42fb-a06e-cf21e8b3d81b,SBQQ__Product__c,"#N/A",Value,"#N/A","#N/A",Quote Line,not equals,e44eb4d9-9c6a-4a70-9609-c7c472b72dce,"#N/A","#N/A","#N/A"
70272d2a-7ec4-44b4-a96c-9fa9d31ba5e0,Product Code,"#N/A",Value,"#N/A","#N/A",Quote Line,not equals,e65bdb29-fd68-47d2-bd60-85fd59cc7872,"#N/A","#N/A",fdhfvu6578
70c4fb5d-744c-4d3e-9d02-28207608eaaa,Protected_Devices__c,"#N/A",Value,"#N/A","#N/A",Product Option,greater than,b3468745-7889-45f1-a2cc-5c9f50149178,"#N/A","#N/A",0
7207d89f-c13b-4b23-bac7-e0392d5c09d5,Product Code,"#N/A",Value,"#N/A",222.0,Product Option,equals,a36d81dd-cd2a-4f1e-a251-f349cbc67c63,"#N/A","#N/A",EP-014
72200110-fd23-4805-bc28-de45cdc1cbf4,Product Code,"#N/A",Value,"#N/A",391.0,Quote,equals,115d4be7-92e1-4b56-b039-fd5c7b75a327,"#N/A","#N/A",10
72dde3ae-a125-484b-902c-ea71004b111d,SBQQ__ProductCode__c,"#N/A",Value,"#N/A","#N/A",Product Option,equals,7967704e-5ff2-4a18-bd4c-3b252f00525e,"#N/A","#N/A",EP-025
73877cc3-1329-4aa2-9014-16f054166205,FeatureName__c,"#N/A",Value,"#N/A","#N/A",Quote,greater than,6f1a4266-e5f3-402f-a969-b9cf59c12684,"#N/A","#N/A","#N/A"
73c87365-b57a-4f31-b5bb-069aadb229c3,SBQQ__Type__c,"#N/A",Value,"#N/A",111.0,Quote,equals,fce45138-8bf6-403b-a1b0-7a0910036b3e,"#N/A","#N/A",Quote
73dbe73a-f912-443f-9374-c4068b1e7f68,Product Code,"#N/A",Value,"#N/A",333.0,Product Option,equals,13622956-518b-464a-a7db-64246c18c878,"#N/A","#N/A",EP-015
758f745e-d626-436c-b5c1-7eae943ead68,Protected_Devices__c,"#N/A",Value,"#N/A","#N/A",Product Option,greater than,d5d9644d-d300-4ddf-99e7-4c05f0625a78,"#N/A","#N/A",0
77a2188b-f272-4f34-b009-65c8b05ab7b5,SBQQ__Type__c,"#N/A",Value,"#N/A",111.0,Quote,equals,13622956-518b-464a-a7db-64246c18c878,"#N/A","#N/A",Quote
78211339-8772-435a-8cf0-1f2740b52092,SBQQ__Product__c,"#N/A",Value,"#N/A","#N/A",Quote Line,not equals,a4ea413f-5ac9-4336-b13a-36be9974a9b1,"#N/A","#N/A","#N/A"
7a57b4d3-4036-4f18-92a2-bde1237e75b8,Product Code,"#N/A",Variable,"#N/A","#N/A",Quote,starts with,dff1c753-2660-4136-9808-5198f7077643,"#N/A","#N/A","#N/A"
7aca1e4d-63e3-48a6-b154-a5aa870b633f,Protected_Devices__c,"#N/A",Value,"#N/A","#N/A",Product Option,greater than,64577668-90f8-487d-8e99-b084a7cc37ec,"#N/A","#N/A",0
7b5cbd4d-8b42-44b1-a956-13441a6bb858,Product Code,"#N/A",Value,"#N/A",222.0,Quote Line,equals,db2eee7c-e923-4e93-9973-451c8d492ae4,"#N/A","#N/A",EP-014
7d8fdee6-361b-4701-96e3-efe8d62bd7ba,Product Code,"#N/A",Value,"#N/A","#N/A",Quote,ends with,2e8ab7ae-011e-405c-9274-343dac7fce0f,"#N/A","#N/A","#N/A"
7e4c1594-ccda-4783-b561-cce18e82d629,SBQQ__Product__c,"#N/A",Value,"#N/A","#N/A",Quote Line,not equals,7bf622f7-f4cd-49a4-8840-0e5dcca53b52,"#N/A","#N/A","#N/A"
7eb29fe6-521e-4fde-9ceb-50b19922866a,Product Code,"#N/A",Value,"#N/A",444.0,Quote Line,equals,5d371ca5-32bb-4a42-8dd9-54ad7f1b9d63,"#N/A","#N/A",EP-025
7ec2b08a-3574-4b3d-96c3-f60dee098651,Product Code,"#N/A",Value,"#N/A","#N/A",Quote Line,not equals,a49e762a-ed45-499a-af68-c1ca60d6f044,"#N/A","#N/A",fdhfvu6578
7f308500-5d96-48df-a714-926d748dbebe,SBQQ__Type__c,"#N/A",Value,"#N/A",111.0,Quote,equals,4b6a28e6-fcc2-4209-bf0c-9f2084a642cf,"#N/A","#N/A",Quote
7f7a305b-b841-4c03-81cb-564c8a394529,Product Code,"#N/A",Value,"#N/A",222.0,Product Option,equals,c30ca1f0-79e9-48ee-9ea6-3eeb7d6c5a86,"#N/A","#N/A",EP-014
808e8cd8-9552-4ca4-b969-f21cec533a87,Product Code,"#N/A",Value,"#N/A",333.0,Product Option,equals,c0f785e8-d0f7-40ab-8f96-638a42410927,"#N/A","#N/A",EP-015
81cc7327-cc10-4843-bfae-45ed06d15c40,Product Code,"#N/A",Value,"#N/A","#N/A",Quote Line,not equals,4cf37dcd-46cb-43a8-8caa-2b9ab831fb48,"#N/A","#N/A",fdhfvu6578
82dd6505-66ef-416c-8bd7-81a20ea8bff1,SBQQ__Type__c,"#N/A",Value,"#N/A",111.0,Quote,equals,942c2710-56df-424a-8a57-c68d6b9c9c2c,"#N/A","#N/A",Quote
835bf702-0b88-4bbc-b0ec-2630fcd04643,SBQQ__Product__c,"#N/A",Value,"#N/A","#N/A",Quote Line,not equals,fa7fd414-e4b8-41e1-b944-a39bc6fbef8d,"#N/A","#N/A","#N/A"
839c7f11-35e0-4e6f-a747-42e32559499f,Product Code,"#N/A",Value,"#N/A","#N/A",Quote Line,not equals,60a76326-1f82-41da-817d-7af36008a570,"#N/A","#N/A",fdhfvu6578
83f5019c-c569-4ad6-ba97-f49931f3f813,SBQQ__Product__c,"#N/A",Value,"#N/A","#N/A",Quote Line,not equals,35750eee-6715-413f-8747-8b9c6fa39389,"#N/A","#N/A","#N/A"
852507a7-db15-483f-ad18-5b17637b74de,SBQQ__ProductCode__c,"#N/A",Value,"#N/A","#N/A",Product Option,equals,dfd531f7-dee3-45b5-9a72-b647459e5898,"#N/A","#N/A",EP-013
85309c79-f7a0-4a1d-b0a1-97eff951f318,Product Code,"#N/A",Value,"#N/A","#N/A",Quote Line,not equals,d358ffac-04d4-4c4c-bf51-56e15940047e,"#N/A","#N/A",fdhfvu6578
85c7907f-704b-4020-afe5-af34ffe94d20,Product Code,"#N/A",Value,"#N/A",444.0,Quote Line,equals,d1b7a8d4-d8a4-44c9-80cb-a17f38ff6a01,"#N/A","#N/A",EP-025
85fe79a9-673f-407e-aaaa-70ea1ab8c82d,Product Code,"#N/A",Value,"#N/A",222.0,Quote Line,equals,db77d9d4-6be9-4713-8c57-18997c6c584a,"#N/A","#N/A",EP-014
86b3230c-6fa2-4bcf-80d5-3a1592a87de7,Product Code,"#N/A",Value,"#N/A","#N/A",Quote Line,equals,69eaf057-8021-49f7-ad00-e366683d43b3,"#N/A","#N/A",WDCHIP
86fddc85-4ea7-42cf-95d6-54bf96faa42c,SBQQ__ProductCode__c,"#N/A",Value,"#N/A","#N/A",Product Option,equals,408e697f-d6dd-4710-b2b5-28ef07755d00,"#N/A","#N/A",EP-025
87497674-a3aa-470a-bf76-9292ae11393f,SBQQ__Product__c,"#N/A",Value,"#N/A","#N/A",Quote Line,not equals,c1cff7bf-eee0-4dab-ae36-e796bf71737c,"#N/A","#N/A","#N/A"
880bfecb-0675-4475-aaf1-1d5f8f2f0f1b,SBQQ__Type__c,"#N/A",Value,"#N/A",111.0,Quote,equals,c30ca1f0-79e9-48ee-9ea6-3eeb7d6c5a86,"#N/A","#N/A",Quote
893e70e1-22b6-4323-92e0-68675e8a1081,Product Code,"#N/A",Value,"#N/A","#N/A",Quote Line,greater or equals,903e1c48-2fe4-4451-a6ce-7efbe3ec2a46,"#N/A","#N/A","#N/A"
896f00fe-75fa-429e-a828-15f2c37177b2,Product Code,"#N/A",Value,"#N/A","#N/A",Quote Line,not equals,b9d2dad3-02a5-48da-89be-f9f14a51c6e5,"#N/A","#N/A",Run-on-all-quotelines
8adfc522-2bf6-45ce-8b79-f92dfcb8c9ba,Product Code,"#N/A",Value,"#N/A","#N/A",Quote,ends with,ed06780c-3efe-4bbe-afea-b075fe898634,"#N/A","#N/A","#N/A"
8b2fe881-5d47-4cd6-8d5a-d68da5093be3,Protected_Devices__c,"#N/A",Value,"#N/A","#N/A",Product Option,greater than,fc2b7be6-c35e-4d31-a9ea-08129a21e31a,"#N/A","#N/A",0
8c6faf1b-3e28-46d1-9b11-0059bd6f5cb4,Product Code,"#N/A",Value,"#N/A",444.0,Quote Line,equals,db77d9d4-6be9-4713-8c57-18997c6c584a,"#N/A","#N/A",EP-025
8c76e1a4-ee70-4d61-97ac-8c00a041d256,SBQQ__Product__c,"#N/A",Value,"#N/A","#N/A",Quote Line,not equals,073c5dab-9cfe-44f0-91d6-dc17b8aa9f54,"#N/A","#N/A","#N/A"
8ca91c88-d122-4183-84a5-ab73369049d8,Product Code,"#N/A",Value,"#N/A","#N/A",Quote Line,not equals,fbe745c7-5a85-4710-8bf3-b9b4bda4aaae,"#N/A","#N/A",fdhfvu6578
8dc8cf79-c862-4aa9-bf06-32d74da6135d,Product Code,"#N/A",Value,"#N/A","#N/A",Quote Line,not equals,22b43d7c-cfdd-407a-a368-30c9b9e8ba31,"#N/A","#N/A",Run-on-all-quotelines
8fa8d20f-6688-4abd-bf92-5e3f2868cdbe,SBQQ__Type__c,"#N/A",Value,"#N/A",111.0,Quote,equals,d1b7a8d4-d8a4-44c9-80cb-a17f38ff6a01,"#N/A","#N/A",Quote
8fc8d3cb-9a70-4f49-8c8d-18b8e97ddc97,SBQQ__Product__c,"#N/A",Value,"#N/A","#N/A",Quote Line,not equals,b66dd71e-29aa-43b9-9f7a-91ff01ce718c,"#N/A","#N/A","#N/A"
904aad58-a128-4f1d-aefb-81a508c516c3,SBQQ__ProductCode__c,"#N/A",Value,"#N/A","#N/A",Product Option,equals,b45be417-2df6-4eea-bdec-5bbd2ea8579d,"#N/A","#N/A",EP-013
906a2594-3c90-489b-9ce2-32e3a8963450,SBQQ__ProductCode__c,"#N/A",Value,"#N/A","#N/A",Product Option,equals,bab3dc25-6a76-4902-ae2d-7aaf2dc89e86,"#N/A","#N/A",EP-013
90a1274d-cfc9-4cc1-9629-345635fb8088,Product Code,"#N/A",Value,"#N/A",444.0,Quote Line,equals,3a5d6fb4-7cdd-4d96-909a-c1ddaa72c7ea,"#N/A","#N/A",EP-025
91529050-09d5-4ec7-87f6-691b9e43bd7b,Product Code,"#N/A",Value,"#N/A","#N/A",Quote Line,not equals,1a21545f-427e-4870-b23a-f680e294d7d9,"#N/A","#N/A",fdhfvu6578
9161d562-0f60-491d-828b-31c80cba2a93,Product Code,"#N/A",Value,"#N/A",333.0,Quote Line,equals,f57211f3-d651-47dd-b11a-71afd7c157de,"#N/A","#N/A",EP-015
918c4cfb-715f-4f1f-abea-7567d17c2a40,SBQQ__Type__c,"#N/A",Value,"#N/A",111.0,Quote,equals,186ea1ee-f42a-4f11-bc57-7150b028f9e8,"#N/A","#N/A",Quote
9224ba7b-4b24-4547-824c-2db2f9ba9d13,Product Code,"#N/A",Value,"#N/A","#N/A",Quote,greater or equals,deb6a0e6-7f4b-4bc4-a0fd-63426875d32d,"#N/A","#N/A","#N/A"
933d2c4e-a0c8-417a-a967-690931c02265,SBQQ__Product__c,"#N/A",Value,"#N/A","#N/A",Quote Line,not equals,a35ddc29-ebb9-44f2-8957-83dc9d46026c,"#N/A","#N/A","#N/A"
94c6fd16-9b0f-4e37-a3ee-af518f812f6b,SBQQ__Product__c,"#N/A",Value,"#N/A","#N/A",Quote Line,not equals,31b51575-e9f3-49fb-8a1f-d34515449996,"#N/A","#N/A","#N/A"
94cc46cc-fc08-4552-97ae-70b22f658102,SBQQ__Product__c,"#N/A",Value,"#N/A","#N/A",Quote Line,not equals,0a5c8964-9904-4796-8552-ca13018bc14b,"#N/A","#N/A","#N/A"
94e18ed6-8434-4bc5-bb25-9211882ea2d2,SBQQ__Product__c,"#N/A",Value,"#N/A","#N/A",Quote Line,not equals,49af6ace-814c-4983-88cd-8d91f15b8a8b,"#N/A","#N/A","#N/A"
94e3680d-4a1d-49b3-a92b-b1770f1f65ae,Product Code,"#N/A",Value,"#N/A","#N/A",Quote Line,not equals,2eea084a-32f6-4f31-86ea-4b12d8772359,"#N/A","#N/A",Run-on-all-quotelines
9646f3d6-73dd-4c3c-9b82-d911770d5cc8,SBQQ__Type__c,"#N/A",Value,"#N/A",111.0,Quote,equals,c0f785e8-d0f7-40ab-8f96-638a42410927,"#N/A","#N/A",Quote
9692214e-1cc1-451f-b741-9487fc9081d5,SBQQ__Product__c,"#N/A",Value,"#N/A","#N/A",Quote Line,not equals,7fe29779-0044-4668-ba27-85c4473b116a,"#N/A","#N/A","#N/A"
96c043cf-128d-43e5-a5df-848f997463ee,Product Code,"#N/A",Value,"#N/A",444.0,Product Option,equals,22e3746c-6b7e-405a-a5a6-b1bbd03f56f2,"#N/A","#N/A",EP-025
96f33262-0817-4275-8d45-ac3c41d61943,Product Code,"#N/A",Value,"#N/A",333.0,Quote Line,equals,3a5d6fb4-7cdd-4d96-909a-c1ddaa72c7ea,"#N/A","#N/A",EP-015
97d7f9f4-5366-4a35-b417-b1290ff958d4,Protected_Devices__c,"#N/A",Value,"#N/A","#N/A",Product Option,greater than,b3819c01-4369-4af6-9487-29a74c7aa6fa,"#N/A","#N/A",0
9805decc-f9c8-49cf-b6c8-b4f7a0994213,SBQQ__Product__c,"#N/A",Value,"#N/A","#N/A",Quote Line,not equals,1ebc51ae-999d-430d-b5bf-9c1456464263,"#N/A","#N/A","#N/A"
9876dc66-3571-4485-87b5-7fa937372107,SBQQ__Product__c,"#N/A",Value,"#N/A","#N/A",Quote Line,not equals,e7a66373-fc6f-4fcf-a92d-6855ffd00aa5,"#N/A","#N/A","#N/A"
98a9e5fb-0111-4204-a78d-d54df2b6e0d8,Product Code,"#N/A",Value,"#N/A","#N/A",Quote Line,not equals,fd537793-2d9f-4683-8c13-f0d3ddb2c2e6,"#N/A","#N/A",Run-on-all-quotelines
98b38e3f-9f12-421d-96ad-08d34407a38b,SBQQ__ProductCode__c,"#N/A",Value,"#N/A","#N/A",Product Option,equals,7145de28-f5bd-4605-b293-db5f3aae634f,"#N/A","#N/A",EP-025
98e1734d-4848-4795-90c0-bd5103d1ec44,SBQQ__Product__c,"#N/A",Value,"#N/A","#N/A",Quote Line,not equals,11a05e1b-247e-4062-8a50-fc9a8d935871,"#N/A","#N/A","#N/A"
98e9da05-bfba-4ef9-8ce0-c145e96672f8,SBQQ__Type__c,"#N/A",Value,"#N/A",111.0,Quote,equals,342032cc-ecef-4966-bf74-d7be4e611015,"#N/A","#N/A",Quote
992def86-91fa-4569-8f52-7ae04d34f708,Product Code,"#N/A",Value,"#N/A","#N/A",Quote,less than,3e608b43-c17b-4436-b8b3-57e49424f0ee,"#N/A","#N/A","#N/A"
9c8d641a-eb29-459d-9410-f7fc7f41aab5,Product Code,"#N/A",Value,"#N/A",333.0,Product Option,equals,1fa8278a-9609-418b-a50f-cec5b2944162,"#N/A","#N/A",EP-015
9cb61b78-a8fc-4d75-8198-97264442e86d,Product Code,"#N/A",Value,"#N/A","#N/A",Quote Line,greater or equals,7614b1fc-8918-4af1-a188-f0450cd5565e,"#N/A","#N/A","#N/A"
9cd5e65d-919c-468e-8196-8461dddf63f1,Product Code,"#N/A",Value,"#N/A",333.0,Quote Line,equals,73d042cf-6890-45c7-874c-7aaa532d5ca0,"#N/A","#N/A",EP-015
9d07ebfa-2d20-4fda-a65e-1e3a5688c31a,SBQQ__Product__c,"#N/A",Value,"#N/A","#N/A",Quote Line,not equals,eb76820b-7e91-441f-a740-da22f8ad360f,"#N/A","#N/A","#N/A"
9d31704d-d935-4eb6-9e1d-448a10b17e1b,Product Code,"#N/A",Value,"#N/A","#N/A",Quote Line,not equals,075cdaf9-f8fd-4bba-a02c-46e19e5210be,"#N/A","#N/A",Run-on-all-quotelines
9df1245e-acdb-4650-a9fb-cee2849c32d4,SBQQ__Product__c,"#N/A",Value,"#N/A","#N/A",Quote Line,not equals,e5a3f1f6-2901-4333-9d27-e8dea2966d87,"#N/A","#N/A","#N/A"
9ecc33e1-23c8-4aea-b135-b2daf876eb67,Product Code,"#N/A",Value,"#N/A","#N/A",Quote Line,not equals,7b40bc64-4275-4fb0-82d0-bb7a9700785c,"#N/A","#N/A",Run-on-all-quotelines
9f03cb64-37e3-45ba-b297-0268f98b00f1,SBQQ__Type__c,"#N/A",Value,"#N/A",111.0,Quote,equals,bc63ecae-51c3-4b20-a696-7bb04be10879,"#N/A","#N/A",Quote
9f9ff47d-3fe6-4a0e-ba70-8baaf8d4de7c,Product Code,"#N/A",Value,"#N/A",333.0,Quote Line,equals,79d6aba5-2737-4fcd-95e2-b1083473d485,"#N/A","#N/A",EP-015
9fb017ba-774b-4fb7-8e87-2dbeeb2d20d6,Protected_Devices__c,"#N/A",Value,"#N/A","#N/A",Product Option,greater than,8a1cc79a-604c-47f5-8d75-30297b8ef0db,"#N/A","#N/A",0
9fce0a42-40e1-4520-b6b1-252da9c8dd80,Product Code,"#N/A",Value,"#N/A",222.0,Product Option,equals,db73d634-58d8-44f7-bb9f-e1dd4cb341ae,"#N/A","#N/A",EP-014
a1483f43-6b38-4316-9c38-d089b402746b,Product Code,"#N/A",Value,"#N/A",333.0,Product Option,equals,22e3746c-6b7e-405a-a5a6-b1bbd03f56f2,"#N/A","#N/A",EP-015
a1be3620-e2fb-445c-9978-14497f311786,Protected_Devices__c,"#N/A",Value,"#N/A","#N/A",Product Option,greater than,beee6203-19d4-4a05-9702-98c9f1d62cd6,"#N/A","#N/A",0
a2457fa8-6c5f-48a1-9212-60548e604b1d,SBQQ__Product__c,"#N/A",Value,"#N/A","#N/A",Quote Line,not equals,7a52bb50-0e87-4170-915d-dc978eed9be3,"#N/A","#N/A","#N/A"
a2dacd42-0d3a-4c83-84b8-28d3bbaad34d,SBQQ__Product__c,"#N/A",Value,"#N/A","#N/A",Quote Line,not equals,1b64e88a-5435-43f8-9029-fb83bb7f12cb,"#N/A","#N/A","#N/A"
a3781857-f12e-4f32-88c9-a674520c36c0,SBQQ__Product__c,"#N/A",Value,"#N/A","#N/A",Quote Line,not equals,118ca84f-bb38-446a-945e-24873ee4fbc9,"#N/A","#N/A","#N/A"
a3e40ce3-470e-47a7-8b18-ecba4c1f3054,SBQQ__Type__c,"#N/A",Value,"#N/A",111.0,Quote,equals,302197af-8e26-4201-a8a5-eed7a9994b98,"#N/A","#N/A",Quote
a3ff8a61-e28f-408a-95ac-7bbf5890626f,SBQQ__ProductCode__c,"#N/A",Value,"#N/A","#N/A",Product Option,equals,76141916-efd0-4ec6-9f80-e10cc0c4be40,"#N/A","#N/A",EP-025
a519f2c6-74ed-4160-a962-b410b7427c72,SBQQ__Product__c,"#N/A",Value,"#N/A","#N/A",Quote Line,not equals,45fe696a-c7b4-4fbd-aaeb-87b5138c5c88,"#N/A","#N/A","#N/A"
a5f16e7d-ad92-4e6a-b6f8-0bc39f4e7750,Product Code,"#N/A",Value,"#N/A",333.0,Product Option,equals,c18c6210-9426-4326-a420-7e296e70122e,"#N/A","#N/A",EP-015
a651f013-0915-4c65-a692-a3fbac555289,Product Code,"#N/A",Value,"#N/A",333.0,Quote Line,equals,70728f4e-ae13-4244-b115-93ddbdbbfcfa,"#N/A","#N/A",EP-015
a692ec33-a8ea-4cfb-9e0b-fa841a92b112,Product Code,"#N/A",Value,"#N/A","#N/A",Quote Line,not equals,82e6de74-d2cd-4805-944a-553a2dc44d19,"#N/A","#N/A",fdhfvu6578
a765e209-01c8-48f8-8839-0431816737f3,Product Code,"#N/A",Value,"#N/A",444.0,Product Option,equals,bc63ecae-51c3-4b20-a696-7bb04be10879,"#N/A","#N/A",EP-025
a7a45fb4-a6b2-4c71-a994-17575a97dbb7,SBQQ__Product__c,"#N/A",Value,"#N/A","#N/A",Quote Line,not equals,b3fec744-b007-450c-875b-fab5589c1808,"#N/A","#N/A","#N/A"
aa22e4e5-0288-4b0b-aa6e-d4de27fe5869,SBQQ__ProductCode__c,"#N/A",Value,"#N/A","#N/A",Product Option,equals,bf86091c-4e96-4666-91e5-cdd67331dfc5,"#N/A","#N/A",EP-013
aa453be7-3971-449f-be96-b659d713bbb4,SBQQ__ProductCode__c,"#N/A",Value,"#N/A","#N/A",Product Option,equals,1ca683d5-d972-4c82-a28e-b66fcbc321ec,"#N/A","#N/A",EP-013
ab8fd7bc-989e-4f8d-8337-c44a8c170e1c,SBQQ__ProductCode__c,"#N/A",Value,"#N/A","#N/A",Product Option,equals,beee6203-19d4-4a05-9702-98c9f1d62cd6,"#N/A","#N/A",EP-025
abb21b83-24fe-418e-9a2b-f586899497de,Product Code,"#N/A",Value,"#N/A",333.0,Quote Line,equals,89e1c22d-c836-4bdf-9799-c5ee8002660a,"#N/A","#N/A",EP-015
abf3f0eb-ef03-43bd-a543-3e4a66da10cc,Product Code,"#N/A",Value,"#N/A","#N/A",Quote,ends with,f86a40a4-ec72-4c25-b126-930e5e5e440a,"#N/A","#N/A","#N/A"
ac626b8b-0364-48c3-a0a8-80e2c7ec9bf0,Product Code,"#N/A",Value,"#N/A","#N/A",Quote Line,equals,5c94d522-f577-4816-8229-a44c122555aa,"#N/A","#N/A",WDCHIP
ac655a27-e673-40cb-a697-d05604fb875f,SBQQ__Type__c,"#N/A",Value,"#N/A",111.0,Quote,equals,5d371ca5-32bb-4a42-8dd9-54ad7f1b9d63,"#N/A","#N/A",Quote
ad92e5f7-08a1-4329-949d-d585a0075d27,Product Code,"#N/A",Value,"#N/A",222.0,Product Option,equals,c0f785e8-d0f7-40ab-8f96-638a42410927,"#N/A","#N/A",EP-014
ae317146-8ee8-4c49-9372-a3310292e712,Product Code,"#N/A",Value,"#N/A",222.0,Quote Line,equals,3a5d6fb4-7cdd-4d96-909a-c1ddaa72c7ea,"#N/A","#N/A",EP-014
aed083d4-f750-40b1-b3d4-8531fb06cce6,SBQQ__Type__c,"#N/A",Value,"#N/A",111.0,Quote,equals,23084e8e-050e-4431-adfc-76dcf4ae1670,"#N/A","#N/A",Quote
af6f8d68-15a6-49f9-91d4-888bf165b4cb,SBQQ__Type__c,"#N/A",Value,"#N/A",111.0,Quote,equals,73d042cf-6890-45c7-874c-7aaa532d5ca0,"#N/A","#N/A",Quote
b034dfb5-e979-426a-9fb7-dc99cd1a05ee,Product Code,"#N/A",Value,"#N/A","#N/A",Quote Line,not equals,9b6e0709-e0f4-42f2-8abb-614b279701c9,"#N/A","#N/A",fdhfvu6578
b0abb5bc-4883-4d59-af83-10bc91f743de,Product Code,"#N/A",Value,"#N/A","#N/A",Quote,ends with,6a07fd8c-963d-47ef-8760-84e9b9fbe789,"#N/A","#N/A","#N/A"
b442162a-15d3-448e-9b3a-ecb3b3412435,Product Code,"#N/A",Value,"#N/A",222.0,Quote Line,equals,8fc85bfc-d97e-4f50-9557-b371c682bbb9,"#N/A","#N/A",EP-014
b47f70c9-b1a9-455e-bada-2af464a71cde,Product Code,"#N/A",Value,"#N/A","#N/A",Quote,greater or equals,5304cd0c-deea-4927-807f-e1e2c4ca419e,"#N/A","#N/A","#N/A"
b4e69be8-e80e-48b4-a58f-6f0320742e80,Product Code,"#N/A",Value,"#N/A",333.0,Product Option,equals,342032cc-ecef-4966-bf74-d7be4e611015,"#N/A","#N/A",EP-015
b6545c2b-0912-47c6-a2bf-ae0e2d4c90f7,Product Code,"#N/A",Value,"#N/A","#N/A",Quote Line,not equals,490a8578-c2de-4dd4-a069-257392f31400,"#N/A","#N/A",Run-on-all-quotelines
b66e26a0-e5dc-45e3-bc30-28ab4ffaa97a,SBQQ__Product__c,"#N/A",Value,"#N/A","#N/A",Quote Line,not equals,a17063af-9795-4f3c-9145-1c7d9a4556fd,"#N/A","#N/A","#N/A"
b6c3dc3a-6b4c-44fa-9e9c-2d041bf7a36c,Product Code,"#N/A",Value,"#N/A","#N/A",Quote Line,not equals,39151a09-3ce6-4b62-b95c-a4da5696961e,"#N/A","#N/A",fdhfvu6578
b7fa9286-4f46-4273-a9c6-2711f0e371a6,SBQQ__Product__c,"#N/A",Value,"#N/A","#N/A",Quote Line,not equals,648d2e2f-5ae2-4e83-9107-51591156c4cc,"#N/A","#N/A","#N/A"
b81ce5e1-dfcb-426b-b49e-46db6c77d302,Product Code,"#N/A",Value,"#N/A",222.0,Product Option,equals,23084e8e-050e-4431-adfc-76dcf4ae1670,"#N/A","#N/A",EP-014
b83c296e-be97-4d01-be7e-9dc2afaa3d93,Product Code,"#N/A",Value,"#N/A","#N/A",Quote,less than,2c515e4c-9364-431a-877f-4dee2ffdfd5a,"#N/A","#N/A","#N/A"
b88ee2d1-66fc-4b43-9110-1395dda88f7e,Product Code,"#N/A",Value,"#N/A",444.0,Product Option,equals,a3bb6ed8-1e21-428e-972a-0eba7d433310,"#N/A","#N/A",EP-025
b8a5a87c-fe62-44aa-8c04-9b9e12693de8,Product Code,"#N/A",Value,"#N/A","#N/A",Quote Line,not equals,bb4f0f27-920b-4b4b-85e7-b4a6646a1e08,"#N/A","#N/A",Run-on-all-quotelines
b8d9f587-9029-4006-a959-20af31122431,SBQQ__Product__c,"#N/A",Value,"#N/A","#N/A",Quote Line,not equals,2258e11a-5bd3-4ffb-b0ca-ac91d69beef2,"#N/A","#N/A","#N/A"
b8f9e2e7-7552-4097-9574-fb50eb57f0a7,FeatureName__c,"#N/A",Value,"#N/A",390.0,Quote,greater or equals,115d4be7-92e1-4b56-b039-fd5c7b75a327,"#N/A","#N/A",15
b90250b6-2417-4c09-a041-b86316f99595,SBQQ__Product__c,"#N/A",Value,"#N/A","#N/A",Quote Line,not equals,99ad71f9-3c50-4708-8a5f-5043aa417fa1,"#N/A","#N/A","#N/A"
b93a8a13-f994-411a-94cb-24fac8cb76f1,Product Code,"#N/A",Value,"#N/A","#N/A",Quote Line,equals,c875bbb0-12ac-48e5-8ed1-b32a3f46df4d,"#N/A","#N/A",WDCHIP
b9764fc3-3221-4a43-b2ca-029fd68d3116,Product Code,"#N/A",Value,"#N/A",444.0,Product Option,equals,c18c6210-9426-4326-a420-7e296e70122e,"#N/A","#N/A",EP-025
b9cdf892-6975-4590-ae8e-61010b4b2c2a,Product Code,"#N/A",Value,"#N/A","#N/A",Quote Line,not equals,14cd4b5f-b521-4732-8553-3247f3c7af0d,"#N/A","#N/A",fdhfvu6578
ba0acc62-9a9c-481f-88bb-e28e87610125,SBQQ__Product__c,"#N/A",Value,"#N/A","#N/A",Quote Line,not equals,0eec613b-bf46-498b-a55a-08a52ed9c518,"#N/A","#N/A","#N/A"
bb5529f7-ecc6-4fbb-9a53-1447b7df4c00,SBQQ__Product__c,"#N/A",Value,"#N/A","#N/A",Quote Line,not equals,5d198ef8-2485-4385-ad47-0911f3c79974,"#N/A","#N/A","#N/A"
bc3023bb-682f-443b-ba2e-8584672becee,Product Code,"#N/A",Value,"#N/A",444.0,Product Option,equals,c0f785e8-d0f7-40ab-8f96-638a42410927,"#N/A","#N/A",EP-025
bd739dcc-7a5e-47bf-a4f1-84482191ced6,SBQQ__ProductCode__c,"#N/A",Value,"#N/A","#N/A",Product Option,equals,35046688-2ef7-449d-9c70-fd269d21ea60,"#N/A","#N/A",EP-025
bdf04aa6-b0ff-4b56-ae08-55b109fd8df0,Product Code,"#N/A",Value,"#N/A",222.0,Quote Line,equals,1e281a21-2181-41b5-b326-6fa919d84bf1,"#N/A","#N/A",EP-014
bec1e6e6-1d8b-4560-9635-ce789370464b,SBQQ__ProductCode__c,"#N/A",Value,"#N/A","#N/A",Product Option,equals,8a1cc79a-604c-47f5-8d75-30297b8ef0db,"#N/A","#N/A",EP-025
bee7fcf5-cb3b-4ddd-a219-7a2a2aa688cb,SBQQ__Product__c,"#N/A",Value,"#N/A","#N/A",Quote Line,not equals,486c9e3c-4d08-46f8-82db-5dee7faf9ef1,"#N/A","#N/A","#N/A"
c0aa918e-0301-4c47-9d10-40f72712dfbb,SBQQ__Product__c,"#N/A",Value,"#N/A","#N/A",Quote Line,not equals,91c8fee9-a79a-4d35-929a-1f38244987a8,"#N/A","#N/A","#N/A"
c11817b9-2b5b-4707-8653-2fe47209dd30,SBQQ__Product__c,"#N/A",Value,"#N/A","#N/A",Quote Line,not equals,cccc0ad3-00d0-4d4a-a009-ba3f116150c0,"#N/A","#N/A","#N/A"
c120f764-550d-4235-999b-65a3acb31cb5,Protected_Devices__c,"#N/A",Value,"#N/A","#N/A",Product Option,greater than,7967704e-5ff2-4a18-bd4c-3b252f00525e,"#N/A","#N/A",0
c16a2756-60e5-4eba-8eeb-a6b5ea9bc6e5,Product Code,"#N/A",Value,"#N/A",222.0,Quote Line,equals,79d6aba5-2737-4fcd-95e2-b1083473d485,"#N/A","#N/A",EP-014
c172a851-8dcb-436c-967c-bd89e6f02381,FeatureName__c,"#N/A",Value,"#N/A","#N/A",Quote Line,starts with,9908924e-1b0d-4b38-973f-248c1f80329e,"#N/A","#N/A","#N/A"
c2488cfd-e46c-476d-9c2e-3492a006a0d9,Product Code,"#N/A",Value,"#N/A",333.0,Product Option,equals,942c2710-56df-424a-8a57-c68d6b9c9c2c,"#N/A","#N/A",EP-015
c38b4bc3-2711-4181-896e-50e20a9856eb,Protected_Devices__c,"#N/A",Value,"#N/A","#N/A",Product Option,greater than,d34f4b86-cae7-4b14-9f80-dcb6addee72e,"#N/A","#N/A",0
c5124a3e-0763-483f-ade9-8bba632be1c6,Product Code,"#N/A",Value,"#N/A",444.0,Product Option,equals,186ea1ee-f42a-4f11-bc57-7150b028f9e8,"#N/A","#N/A",EP-025
c631a5b9-adae-437b-ab89-dbdc48320f9c,Product Code,"#N/A",Value,"#N/A",444.0,Product Option,equals,2ac3b2ec-9e63-4f4b-a3e1-ccd7bda0d139,"#N/A","#N/A",EP-025
c7041773-d884-4ff3-9535-bffb005ae461,Product Code,"#N/A",Value,"#N/A",222.0,Product Option,equals,13622956-518b-464a-a7db-64246c18c878,"#N/A","#N/A",EP-014
c7da3508-7c5f-4777-b053-a05779a676b6,Protected_Devices__c,"#N/A",Value,"#N/A","#N/A",Product Option,greater than,76141916-efd0-4ec6-9f80-e10cc0c4be40,"#N/A","#N/A",0
c8276d93-b3ff-4c34-8c9c-9e73df716c76,SBQQ__Product__c,"#N/A",Value,"#N/A","#N/A",Quote Line,not equals,699f1916-b283-48c8-9656-65d35ba4b032,"#N/A","#N/A","#N/A"
c85c6c04-a318-43cc-bb6f-81d7fe3aa83c,SBQQ__Product__c,"#N/A",Value,"#N/A","#N/A",Quote Line,not equals,7f6a03e1-9a32-4b65-8c2c-ffa40a9d7352,"#N/A","#N/A","#N/A"
c8730968-53fb-4cd0-beef-e441203177dd,SBQQ__ProductCode__c,"#N/A",Value,"#N/A","#N/A",Product Option,equals,21028909-ec1d-4212-ba4d-158d1eec1ba2,"#N/A","#N/A",EP-025
c88e9739-c3d2-4400-a262-ddb40d136016,SBQQ__ProductCode__c,"#N/A",Value,"#N/A","#N/A",Product Option,equals,321b4cfa-2f55-494a-a3a9-d58c02e12e34,"#N/A","#N/A",EP-013
c891668e-7663-4ade-8d84-9c1dfea078d4,Product Code,"#N/A",Value,"#N/A",333.0,Quote Line,equals,d1b7a8d4-d8a4-44c9-80cb-a17f38ff6a01,"#N/A","#N/A",EP-015
c9229254-ba57-4f12-a778-10e2fe5c6e8e,Product Code,"#N/A",Value,"#N/A",222.0,Product Option,equals,2ac3b2ec-9e63-4f4b-a3e1-ccd7bda0d139,"#N/A","#N/A",EP-014
caf6dc59-5d4b-4db5-940b-130ae76db7c5,SBQQ__ProductCode__c,"#N/A",Value,"#N/A","#N/A",Product Option,equals,b43fd717-701a-4084-9447-37d6aee3bffa,"#N/A","#N/A",EP-013
cbbb5ce1-88f1-4353-be51-e25924f6b6ad,Product Code,"#N/A",Value,"#N/A",222.0,Product Option,equals,22e3746c-6b7e-405a-a5a6-b1bbd03f56f2,"#N/A","#N/A",EP-014
cc20438b-be07-4796-92bc-a24234c66e0b,SBQQ__Product__c,"#N/A",Value,"#N/A","#N/A",Quote Line,not equals,bd159bec-f344-4f52-bf8c-eab3d598cff6,"#N/A","#N/A","#N/A"
cc68e93e-56c3-4009-87dd-46f34b68c2ca,Product Code,"#N/A",Value,"#N/A",444.0,Quote Line,equals,15f18c9f-807e-460a-ac8d-28a30c7b1983,"#N/A","#N/A",EP-025
cd34cee4-f502-426a-926c-68a5c9c14810,SBQQ__Type__c,"#N/A",Value,"#N/A",111.0,Quote,equals,1fa8278a-9609-418b-a50f-cec5b2944162,"#N/A","#N/A",Quote
cd43467a-84fb-4660-9837-4c7402168c86,Product Code,"#N/A",Value,"#N/A",444.0,Product Option,equals,4b6a28e6-fcc2-4209-bf0c-9f2084a642cf,"#N/A","#N/A",EP-025
cd743651-5b49-4289-ab50-d8337ca7df0e,Product Code,"#N/A",Value,"#N/A",222.0,Product Option,equals,1fa8278a-9609-418b-a50f-cec5b2944162,"#N/A","#N/A",EP-014
cde56e33-49e4-4287-8dca-4e91c26aa1bf,Product Code,"#N/A",Value,"#N/A","#N/A",Quote,greater or equals,a4c0409d-d36c-4b3b-8fe4-25624bd69cdf,"#N/A","#N/A","#N/A"
ce4e22d6-ee14-48ef-ac38-8a91348b7020,Product Code,"#N/A",Value,"#N/A",222.0,Quote Line,equals,fd8b22b3-7ded-415e-b330-c11380d7e473,"#N/A","#N/A",EP-014
ce50e90e-95c2-4be9-bdce-180a873cbc12,Product Code,"#N/A",Value,"#N/A","#N/A",Quote Line,equals,7b596e37-0433-4c21-861f-6014f3ae240f,"#N/A","#N/A",WDCHIP
ceeddd8d-4170-41f0-b555-e83775147b11,SBQQ__ProductCode__c,"#N/A",Value,"#N/A","#N/A",Product Option,equals,976e43bf-7fd3-45df-9e3f-cd03400cc161,"#N/A","#N/A",EP-025
cfbbee4a-89f9-46cf-be7b-370d1bc93cce,Product Code,"#N/A",Value,"#N/A","#N/A",Quote Line,equals,1208ed4a-5d63-466f-9b64-040b1bf5f354,"#N/A","#N/A",WDCHIP
cfbdfca0-26d6-4aa9-bd3e-1f384b76b021,Product Code,"#N/A",Value,"#N/A","#N/A",Quote Line,not equals,5467b060-1cfb-48a6-88e7-e113dcf02bb6,"#N/A","#N/A",Run-on-all-quotelines
d0b98932-1f8e-40df-aec4-2d55b8f43246,SBQQ__ProductCode__c,"#N/A",Value,"#N/A","#N/A",Product Option,equals,f0098028-50e9-425c-96a6-687a1548d7d6,"#N/A","#N/A",EP-013
d10b243c-cbfa-4a60-a68a-f2e33bffe7db,Product Code,"#N/A",Value,"#N/A",444.0,Quote Line,equals,4bd58cae-cbf4-4f7f-9068-aa32d9c6eead,"#N/A","#N/A",EP-025
d1258544-ca2c-4b20-9145-5bf271e8b253,Product Code,"#N/A",Value,"#N/A",333.0,Product Option,equals,302197af-8e26-4201-a8a5-eed7a9994b98,"#N/A","#N/A",EP-015
d14b4433-37af-43fd-9ae1-e4d9b5067a68,Product Code,"#N/A",Value,"#N/A",444.0,Product Option,equals,a36d81dd-cd2a-4f1e-a251-f349cbc67c63,"#N/A","#N/A",EP-025
d21f81ae-6fe7-4033-a721-6cc95ae34809,Product Code,"#N/A",Value,"#N/A",444.0,Quote Line,equals,d5f5ee7b-0079-4059-8343-6b55e54ee00b,"#N/A","#N/A",EP-025
d2379099-df32-478e-bd58-0e96aa0c14a5,Product Code,"#N/A",Value,"#N/A","#N/A",Quote Line,not equals,1b66eba3-fab2-42a1-aa43-ab95603030d4,"#N/A","#N/A",Run-on-all-quotelines
d2a01023-8892-446b-a74d-9602c6d8d4e8,Product Code,"#N/A",Value,"#N/A","#N/A",Quote Line,equals,ac1bbe23-e6a5-4e62-bc94-f8133158e2c3,"#N/A","#N/A",WDCHIP
d2b904b7-c05d-43f4-8d0c-87ceafa7f231,SBQQ__Product__c,"#N/A",Value,"#N/A","#N/A",Quote Line,not equals,b1ebd669-f85e-42c9-a68e-dbb02ba5b27f,"#N/A","#N/A","#N/A"
d38fc3e7-c3a9-4ba7-8fd3-a46a0b5c2c82,SBQQ__Type__c,"#N/A",Value,"#N/A",111.0,Quote,equals,c18c6210-9426-4326-a420-7e296e70122e,"#N/A","#N/A",Quote
d4be7cc6-504b-43e7-8212-66666dc4ae2b,SBQQ__Type__c,"#N/A",Value,"#N/A",111.0,Quote,equals,79d6aba5-2737-4fcd-95e2-b1083473d485,"#N/A","#N/A",Quote
d52ee9d5-2df8-4700-a675-51f696dcfe9e,Product Code,"#N/A",Value,"#N/A",444.0,Quote Line,equals,89e1c22d-c836-4bdf-9799-c5ee8002660a,"#N/A","#N/A",EP-025
d72f0a8a-391a-437e-812c-b01b93dcc264,FeatureName__c,"#N/A",Value,"#N/A","#N/A",Quote Line,equals,487bf739-3051-47fa-a22b-f1e4613c5eee,"#N/A","#N/A",10
d74d48ff-601e-469d-aa4f-38e2e4ca1fb1,Product Code,"#N/A",Value,"#N/A","#N/A",Quote Line,not equals,bfadf2ce-787b-46ae-b9ae-50b5fa65e6d0,"#N/A","#N/A",Run-on-all-quotelines
d77bfa00-5b76-4b52-bc29-1bdce97968c3,Product Code,"#N/A",Value,"#N/A","#N/A",Quote Line,starts with,8f80903a-a440-4d5d-a1d5-966c4a69402e,"#N/A","#N/A",SRV
d796331b-ffc8-4710-9862-c5ed868426fc,SBQQ__Product__c,"#N/A",Value,"#N/A","#N/A",Quote Line,not equals,49b21e01-ed8d-487f-98d9-2118ec93b20c,"#N/A","#N/A","#N/A"
d83318bb-6881-42bb-9f15-f07dee186324,Product Code,"#N/A",Value,"#N/A","#N/A",Quote Line,starts with,46e8b665-c57c-457c-b174-2d1bc6c09cb3,"#N/A","#N/A",SRV
d8778a11-8126-43ef-9d4b-ffde864f3814,Product Code,"#N/A",Value,"#N/A","#N/A",Quote Line,not equals,0b1a36dc-c3ca-4d96-ae8e-4777fbf1cdd0,"#N/A","#N/A",Run-on-all-quotelines
d8bcae5c-7d43-418d-88bd-67c51ff20ed6,Product Code,"#N/A",Value,"#N/A",222.0,Product Option,equals,342032cc-ecef-4966-bf74-d7be4e611015,"#N/A","#N/A",EP-014
d9367239-7dae-4ecb-b702-4892bd379a55,Product Code,"#N/A",Value,"#N/A","#N/A",Quote,ends with,8d9f87b2-0b00-4e66-9f59-324fc9724327,"#N/A","#N/A","#N/A"
da831ac1-171d-4021-87b7-57a4594a52a8,Product Code,"#N/A",Value,"#N/A",444.0,Product Option,equals,342032cc-ecef-4966-bf74-d7be4e611015,"#N/A","#N/A",EP-025
da95462a-3339-4394-a4d7-d0b7ffb02008,SBQQ__ProductCode__c,"#N/A",Value,"#N/A","#N/A",Product Option,equals,f42f798f-9e1e-4ff2-932a-c9e030862e2f,"#N/A","#N/A",EP-013
dab6a3d2-3d81-4ad9-89ce-e72cd255b20f,Product Code,"#N/A",Value,"#N/A",444.0,Product Option,equals,23084e8e-050e-4431-adfc-76dcf4ae1670,"#N/A","#N/A",EP-025
db6a699c-7698-47ea-bc33-4fb71b9dea05,Product Code,"#N/A",Value,"#N/A","#N/A",Quote Line,not equals,ccfa5da4-1bf3-470f-a54c-928f25acb945,"#N/A","#N/A",fdhfvu6578
dbc263cb-38f8-49c3-92b4-8c11955f2625,SBQQ__ProductCode__c,"#N/A",Value,"#N/A","#N/A",Product Option,equals,b37c8699-5a9f-4948-9ade-5c5beee37870,"#N/A","#N/A",EP-013
dcbc3b1f-ff7c-4c86-9c90-ff2e50b1f289,Protected_Devices__c,"#N/A",Value,"#N/A","#N/A",Product Option,greater than,4ef7ca72-b526-4d1b-9409-47c08c9bd61e,"#N/A","#N/A",0
de0b692e-6f72-4b8e-a16f-7d5367aa8e53,Product Code,"#N/A",Value,"#N/A",444.0,Quote Line,equals,8fc85bfc-d97e-4f50-9557-b371c682bbb9,"#N/A","#N/A",EP-025
de2d9970-360b-4181-9406-176f9aa50cd5,SBQQ__Type__c,"#N/A",Value,"#N/A",111.0,Quote,equals,15f18c9f-807e-460a-ac8d-28a30c7b1983,"#N/A","#N/A",Quote
de344d65-4b78-45be-ac1e-38579ddea6d3,Protected_Devices__c,"#N/A",Value,"#N/A","#N/A",Product Option,greater than,408e697f-d6dd-4710-b2b5-28ef07755d00,"#N/A","#N/A",0
de8ed2f3-9cce-466c-9ad2-f04425e3f82b,SBQQ__Type__c,"#N/A",Value,"#N/A",111.0,Quote,equals,d5f5ee7b-0079-4059-8343-6b55e54ee00b,"#N/A","#N/A",Quote
df258262-97ed-43eb-bf3e-dc44e02aa875,SBQQ__Product__c,"#N/A",Value,"#N/A","#N/A",Quote Line,not equals,13914144-a67d-4442-8f6b-e81422e387b0,"#N/A","#N/A","#N/A"
dfb69b39-d1ba-414d-a91f-0bed5ef6611c,SBQQ__ProductCode__c,"#N/A",Value,"#N/A","#N/A",Product Option,equals,b3468745-7889-45f1-a2cc-5c9f50149178,"#N/A","#N/A",EP-025
e011eab9-0f07-407b-9878-3bf475fce4a2,Product Code,"#N/A",Value,"#N/A",333.0,Product Option,equals,a36d81dd-cd2a-4f1e-a251-f349cbc67c63,"#N/A","#N/A",EP-015
e07cb93d-b931-4c91-a133-b9a36070fd68,Product Code,"#N/A",Value,"#N/A",222.0,Product Option,equals,bc63ecae-51c3-4b20-a696-7bb04be10879,"#N/A","#N/A",EP-014
e0cc7c41-265d-485d-b91e-33a51c262029,Product Code,"#N/A",Value,"#N/A",333.0,Quote Line,equals,718dc14b-1ac2-4692-a2ca-7bdc26724836,"#N/A","#N/A",EP-015
e19c619c-b896-403e-8758-7b9773c1ad01,Product Code,"#N/A",Value,"#N/A",444.0,Quote Line,equals,73d042cf-6890-45c7-874c-7aaa532d5ca0,"#N/A","#N/A",EP-025
e23f95e9-28f6-40ed-8eb3-35dd6c461b77,Product Code,"#N/A",Value,"#N/A",333.0,Product Option,equals,4b6a28e6-fcc2-4209-bf0c-9f2084a642cf,"#N/A","#N/A",EP-015
e286865b-93bb-4e2e-bcde-a5ad88d66e18,FeatureName__c,"#N/A",Value,"#N/A","#N/A",Quote Line,starts with,824a526f-554a-498c-9b09-a18de58cdddc,"#N/A","#N/A","#N/A"
e296f200-f955-406a-9655-533fa02893fd,Product Code,"#N/A",Value,"#N/A","#N/A",Quote Line,equals,69e13835-387b-4cc3-85e0-b2285d0e5b88,"#N/A","#N/A",WDCHIP
e2ca16ba-16d7-4466-8559-74bf6efc4a52,Product Code,"#N/A",Value,"#N/A",444.0,Quote Line,equals,1e281a21-2181-41b5-b326-6fa919d84bf1,"#N/A","#N/A",EP-025
e2d762ec-677d-434c-95c0-0e1b8d7744f1,SBQQ__Product__c,"#N/A",Value,"#N/A","#N/A",Quote Line,not equals,de16dcee-1f4c-41cf-b9c7-78e0bc59686b,"#N/A","#N/A","#N/A"
e315dc9e-d4be-4407-bd9e-ce96ff57a838,SBQQ__ProductCode__c,"#N/A",Value,"#N/A","#N/A",Product Option,equals,0e138591-cc3a-41fd-9781-4239479ed5be,"#N/A","#N/A",EP-013
e42a0926-1ac1-487e-8630-bf36d358f89d,Product Code,"#N/A",Value,"#N/A",222.0,Quote Line,equals,d1b7a8d4-d8a4-44c9-80cb-a17f38ff6a01,"#N/A","#N/A",EP-014
e440f62c-d945-403e-aedb-b5d122c83f03,Product Code,"#N/A",Value,"#N/A",444.0,Quote Line,equals,718dc14b-1ac2-4692-a2ca-7bdc26724836,"#N/A","#N/A",EP-025
e654e32d-7c8b-4507-b970-7b55b2021093,SBQQ__Product__c,"#N/A",Value,"#N/A","#N/A",Quote Line,not equals,c18ebda9-e3c9-4964-a521-3c50ecb40076,"#N/A","#N/A","#N/A"
e7e086fd-a081-4b20-97cb-663ed8061cf7,Protected_Devices__c,"#N/A",Value,"#N/A","#N/A",Product Option,greater than,6f8c655b-1e7e-4d9a-acec-a86d11420a84,"#N/A","#N/A",0
e8dd94a3-11ed-49b7-93e7-cadc5ca3d9fe,SBQQ__Product__c,"#N/A",Value,"#N/A","#N/A",Quote Line,not equals,c1aa6453-b8d8-463e-b151-fea273db2dd2,"#N/A","#N/A","#N/A"
e98f0d9c-dd18-4782-94ed-fef51897205e,Product Code,"#N/A",Value,"#N/A","#N/A",Quote Line,equals,8c21f0b9-d638-4564-9155-580a2cef9ef7,"#N/A","#N/A",WDCHIP
ea445d50-8393-4b5a-9d22-843c3b291352,Product Code,"#N/A",Value,"#N/A",333.0,Quote Line,equals,db77d9d4-6be9-4713-8c57-18997c6c584a,"#N/A","#N/A",EP-015
ead52fd7-2da6-4f59-858d-221cfccf9334,SBQQ__ProductCode__c,"#N/A",Value,"#N/A","#N/A",Product Option,equals,4ef7ca72-b526-4d1b-9409-47c08c9bd61e,"#N/A","#N/A",EP-025
eb209817-f4ec-4bb0-86d8-49eb31298edb,SBQQ__Type__c,"#N/A",Value,"#N/A",111.0,Quote,equals,1e281a21-2181-41b5-b326-6fa919d84bf1,"#N/A","#N/A",Quote
eb286327-15ba-4485-944f-0ea0a2edcf42,Product Code,"#N/A",Value,"#N/A","#N/A",Quote Line,not equals,f29847f8-5fb0-4d1c-b030-55f981f7a859,"#N/A","#N/A",fdhfvu6578
eb748870-e6f4-4c5a-9fb0-c7d76727e1e7,SBQQ__ProductCode__c,"#N/A",Value,"#N/A","#N/A",Product Option,equals,e4011130-857c-4556-adef-3a75ddbbfcae,"#N/A","#N/A",EP-025
eb79bc8f-5d64-44d1-886f-26985c4b0a16,SBQQ__Product__c,"#N/A",Value,"#N/A","#N/A",Quote Line,not equals,5e1564d2-8d24-4c6e-95df-49d70e286dfa,"#N/A","#N/A","#N/A"
ec5e26e1-6c71-4541-9c06-e0a89b28d421,SBQQ__Type__c,"#N/A",Value,"#N/A",111.0,Quote,equals,db77d9d4-6be9-4713-8c57-18997c6c584a,"#N/A","#N/A",Quote
eca0a8d8-f3da-4450-8870-68cdd45cbd81,SBQQ__Product__c,"#N/A",Value,"#N/A","#N/A",Quote Line,not equals,d217d5a0-9f44-4294-aaff-f94af615fea4,"#N/A","#N/A","#N/A"
ed236e2d-a9f2-4e90-968c-ca6f67ae3111,SBQQ__Product__c,"#N/A",Value,"#N/A","#N/A",Quote Line,not equals,0c346a64-2527-44f2-aba9-6cfa6a913523,"#N/A","#N/A","#N/A"
ed47ef13-5cb4-476f-832a-41bb26bf3e9b,Protected_Devices__c,"#N/A",Value,"#N/A","#N/A",Product Option,greater than,07ddf560-3f2b-4b51-a5c6-43cc0b5e5bd9,"#N/A","#N/A",0
eda48bf6-5f22-491b-80ba-457ef4517701,Product Code,"#N/A",Value,"#N/A",333.0,Product Option,equals,fce45138-8bf6-403b-a1b0-7a0910036b3e,"#N/A","#N/A",EP-015
ee8c3759-10d7-4ee1-b101-9ceee3a092bf,SBQQ__Type__c,"#N/A",Value,"#N/A",111.0,Quote,equals,98296c1f-d0bb-4234-a887-8c94bf849f44,"#N/A","#N/A",Quote
ef05ffc4-0c38-4bdf-8e62-354e76124738,SBQQ__Product__c,"#N/A",Value,"#N/A","#N/A",Quote Line,not equals,1c626399-ab01-4c9a-8271-c30798b48395,"#N/A","#N/A","#N/A"
ef432f22-4e66-4c61-a654-eee76072dc35,SBQQ__Product__c,"#N/A",Value,"#N/A","#N/A",Quote Line,not equals,0eb8729d-2703-4e9f-a013-6862c5e4e588,"#N/A","#N/A","#N/A"
ef72041b-0311-4597-83d2-4ce7d95bf85a,Product Code,"#N/A",Value,"#N/A",444.0,Product Option,equals,13622956-518b-464a-a7db-64246c18c878,"#N/A","#N/A",EP-025
ef7c7ebe-fa3b-4280-8ca4-3138af17745c,SBQQ__Product__c,"#N/A",Value,"#N/A","#N/A",Quote Line,not equals,e4a23e18-f505-441c-b683-3c1153944059,"#N/A","#N/A","#N/A"
efb59f26-85a5-4be1-bd6c-22a05c867125,Product Code,"#N/A",Value,"#N/A","#N/A",Quote,greater or equals,bc7eb246-07b5-45f1-bfff-5dae3b65a636,"#N/A","#N/A","#N/A"
efe137ce-e4b8-42ff-b6da-6bfa4fc70e5e,Product Code,"#N/A",Value,"#N/A",444.0,Quote Line,equals,d1413221-3b86-4bed-8efc-ae6e876b4672,"#N/A","#N/A",EP-025
eff0c50c-20ba-4533-8b43-eb5b63d9b27c,Protected_Devices__c,"#N/A",Value,"#N/A","#N/A",Product Option,greater than,21028909-ec1d-4212-ba4d-158d1eec1ba2,"#N/A","#N/A",0
f10ba87b-5a91-42c6-8e86-2c48f497972d,SBQQ__ProductCode__c,"#N/A",Value,"#N/A","#N/A",Product Option,equals,32f48a11-a7b7-43f4-937a-beb9f652c5a2,"#N/A","#N/A",EP-025
f13c7f51-2bfe-4717-bbd3-12857042bdd8,SBQQ__Type__c,"#N/A",Value,"#N/A",111.0,Quote,equals,70728f4e-ae13-4244-b115-93ddbdbbfcfa,"#N/A","#N/A",Quote
f22d1952-2484-4a8a-95d9-3e24e5ecdff6,SBQQ__Product__c,"#N/A",Value,"#N/A","#N/A",Quote Line,not equals,bc9da45f-b94f-4fcd-a179-3a44bc7b059e,"#N/A","#N/A","#N/A"
f366a523-0e2a-407f-a786-3c24a9a9c94f,SBQQ__ProductCode__c,"#N/A",Value,"#N/A","#N/A",Product Option,equals,b3819c01-4369-4af6-9487-29a74c7aa6fa,"#N/A","#N/A",EP-025
f39f7682-ae4e-45b3-b986-29f8219b3167,Product Code,"#N/A",Value,"#N/A",222.0,Quote Line,equals,98296c1f-d0bb-4234-a887-8c94bf849f44,"#N/A","#N/A",EP-014
f46fa21a-632b-4fb3-bedb-0b54531a50f9,Product Code,"#N/A",Value,"#N/A","#N/A",Quote Line,not equals,3e874ddb-9fb6-480d-8411-38bd4535ac15,"#N/A","#N/A",Run-on-all-quotelines
f4e2acb8-b8cf-4c42-901f-dec5b476ba49,SBQQ__ProductCode__c,"#N/A",Value,"#N/A","#N/A",Product Option,equals,fc2b7be6-c35e-4d31-a9ea-08129a21e31a,"#N/A","#N/A",EP-025
f513d0da-a626-4679-b952-1a5bd9fcc4d6,FeatureName__c,"#N/A",Value,"#N/A","#N/A",Quote,greater than,ce9527bd-82ae-4e29-bd02-cde1c15c2ed1,"#N/A","#N/A","#N/A"
f68a4901-b569-469c-afb0-d7b1cc11ddd2,Product Code,"#N/A",Value,"#N/A",333.0,Quote Line,equals,fd8b22b3-7ded-415e-b330-c11380d7e473,"#N/A","#N/A",EP-015
f6936b42-5913-4f81-8fc7-f19117f45253,Product Code,"#N/A",Value,"#N/A","#N/A",Quote Line,equals,f0c5e00b-5c3e-4431-a09a-3022e3c96917,"#N/A","#N/A",WDCHIP
f71abe75-48f0-4080-b492-c8d8eea80583,Product Code,"#N/A",Value,"#N/A",333.0,Product Option,equals,bc63ecae-51c3-4b20-a696-7bb04be10879,"#N/A","#N/A",EP-015
f7c116d4-46ed-451e-98ac-39e059b58d06,Product Code,"#N/A",Value,"#N/A",444.0,Quote Line,equals,db2eee7c-e923-4e93-9973-451c8d492ae4,"#N/A","#N/A",EP-025
f7eb60ce-dc2c-42ae-acda-b7beb73d95f7,SBQQ__Type__c,"#N/A",Value,"#N/A",111.0,Quote,equals,4bd58cae-cbf4-4f7f-9068-aa32d9c6eead,"#N/A","#N/A",Quote
f81dce56-84a5-4b05-81ef-ba0e2a9ef5a4,Product Code,"#N/A",Value,"#N/A",444.0,Product Option,equals,fce45138-8bf6-403b-a1b0-7a0910036b3e,"#N/A","#N/A",EP-025
f8256466-7cb9-4179-9d61-d27803becf40,Product Code,"#N/A",Value,"#N/A","#N/A",Quote,ends with,d201b3bb-492d-40d9-b9fb-162210dea3b6,"#N/A","#N/A","#N/A"
f9ff8a4e-7b00-48ce-a716-a363a37da490,Product Code,"#N/A",Value,"#N/A",222.0,Quote Line,equals,73d042cf-6890-45c7-874c-7aaa532d5ca0,"#N/A","#N/A",EP-014
fa0e36a6-5743-4423-bc79-e5ac2760a9a0,Product Code,"#N/A",Value,"#N/A",222.0,Product Option,equals,029dddc3-8b0b-4f4f-b661-4e12bfc4fe64,"#N/A","#N/A",EP-014
fb1393cd-16ec-4d9c-a3cc-edec8976a522,Product Code,"#N/A",Value,"#N/A","#N/A",Quote,not equals,ae95bccd-7de9-4251-84cf-b95dacd3eae3,"#N/A","#N/A",123
fbd777cb-0856-4472-99fc-b9558a2e8cc4,SBQQ__ProductCode__c,"#N/A",Value,"#N/A","#N/A",Product Option,equals,d10def1a-800c-4cf0-8734-62c9b73969fb,"#N/A","#N/A",EP-013
fbe9dd60-1f76-4017-b332-91eff5c2b055,Product Code,"#N/A",Value,"#N/A","#N/A",Quote Line,not equals,6e57ff7c-c519-45a4-bd6c-197bcae4db6d,"#N/A","#N/A",fdhfvu6578
fc45b523-6fef-40e6-bd8e-573c2105d31f,Product Code,"#N/A",Value,"#N/A",444.0,Product Option,equals,1211f01c-a0ce-4532-b2c7-172733e4eca8,"#N/A","#N/A",EP-025
fc5ddb58-041e-475e-b01c-0b5d107c6d86,Product Code,"#N/A",Value,"#N/A",444.0,Quote Line,equals,524387a0-d670-4979-a090-1d412f0149db,"#N/A","#N/A",EP-025
fdbe54f7-0870-4ac4-90b6-713b4e87953a,Product Code,"#N/A",Value,"#N/A","#N/A",Quote Line,not equals,3a234058-e4f6-4efe-9467-170a9e63031c,"#N/A","#N/A",fdhfvu6578
fee3e132-0854-49bf-b306-4188c9c8a20d,SBQQ__ProductCode__c,"#N/A",Value,"#N/A","#N/A",Product Option,equals,1bbe824b-43a0-4e82-8643-41e3b060af42,"#N/A","#N/A",EP-013
ff987b67-daa6-4206-9d06-b78e6bd8c1dc,FeatureName__c,"#N/A",Value,"#N/A","#N/A",Quote Line,equals,12b007b4-808e-4c44-8373-4d1f1ab4f792,"#N/A","#N/A",10
