"Guid","SBQQ__AdditionalDiscountAmount__c","SBQQ__AdditionalQuantity__c","SBQQ__AllowAssetRefund__c","SBQQ__BatchQuantity__c","SBQQ__BillingFrequency__c","SBQQ__BillingType__c","SBQQ__BlockPrice__c","SBQQ__Bundle__c","SBQQ__BundledQuantity__c","SBQQ__Bundled__c","SBQQ__CarryoverLine__c","SBQQ__ChargeType__c","SBQQ__ComponentCost__c","SBQQ__ComponentDiscountedByPackage__c","SBQQ__ComponentListTotal__c","SBQQ__ComponentSubscriptionScope__c","SBQQ__ComponentTotal__c","SBQQ__ComponentUpliftedByPackage__c","SBQQ__CompoundDiscountRate__c","SBQQ__ConfigurationRequired__c","SBQQ__ContractedPrice__c","SBQQ__CostEditable__c","SBQQ__Cost__c","SBQQ__CustomerPrice__c","SBQQ__DefaultSubscriptionTerm__c","SBQQ__Description__c","SBQQ__Dimension__c","SBQQ__DiscountScheduleType__c","SBQQ__DiscountSchedule__c","SBQQ__DiscountTier__c","SBQQ__Discount__c","SBQQ__DistributorDiscount__c","SBQQ__DynamicOptionId__c","SBQQ__EarliestValidAmendmentStartDate__c","SBQQ__EndDate__c","SBQQ__Existing__c","SBQQ__Favorite__c","SBQQ__GenerateContractedPrice__c","SBQQ__GrossProfit__c","SBQQ__Group__c","SBQQ__Guidance__c","SBQQ__HasConsumptionSchedule__c","SBQQ__Hidden__c","SBQQ__Incomplete__c","SBQQ__ListPrice__c","SBQQ__MarkupAmount__c","SBQQ__MarkupRate__c","SBQQ__MaximumPrice__c","SBQQ__MinimumPrice__c","SBQQ__NetPrice__c","SBQQ__NonDiscountable__c","SBQQ__NonPartnerDiscountable__c","SBQQ__Number__c","SBQQ__OptionDiscountAmount__c","SBQQ__OptionDiscount__c","SBQQ__OptionLevel__c","SBQQ__OptionType__c","SBQQ__Optional__c","SBQQ__OriginalPrice__c","SBQQ__OriginalQuoteLineId__c","SBQQ__OriginalUnitCost__c","SBQQ__PackageProductCode__c","SBQQ__PackageProductDescription__c","SBQQ__PartnerDiscount__c","SBQQ__PartnerPrice__c","SBQQ__PreviousSegmentPrice__c","SBQQ__PreviousSegmentUplift__c","SBQQ__PriceEditable__c","SBQQ__PricebookEntryId__c","SBQQ__PricingMethodEditable__c","SBQQ__PricingMethod__c","SBQQ__PriorQuantity__c","SBQQ__ProductOption__c","SBQQ__ProductSubscriptionType__c","SBQQ__ProrateMultiplier__c","SBQQ__ProratedListPrice__c","SBQQ__ProratedPrice__c","SBQQ__Quantity__c","SBQQ__Quote__c","SBQQ__RegularPrice__c","SBQQ__Renewal__c","SBQQ__RenewedSubscription__c","SBQQ__RequiredBy__c","SBQQ__SegmentIndex__c","SBQQ__SegmentKey__c","SBQQ__SegmentLabel__c","SBQQ__Source__c","SBQQ__SpecialPriceDescription__c","SBQQ__SpecialPriceType__c","SBQQ__SpecialPrice__c","SBQQ__StartDate__c","SBQQ__SubscribedAssetIds__c","SBQQ__SubscriptionBase__c","SBQQ__SubscriptionCategory__c","SBQQ__SubscriptionPercent__c","SBQQ__SubscriptionPricing__c","SBQQ__SubscriptionScope__c","SBQQ__SubscriptionTargetPrice__c","SBQQ__SubscriptionTerm__c","SBQQ__SubscriptionType__c","SBQQ__TaxCode__c","SBQQ__Taxable__c","SBQQ__TermDiscountSchedule__c","SBQQ__TermDiscountTier__c","SBQQ__TermDiscount__c","SBQQ__UnitCost__c","SBQQ__UnproratedNetPrice__c","SBQQ__UpgradedQuantity__c","SBQQ__UpgradedSubscription__c","SBQQ__UpliftAmount__c","SBQQ__Uplift__c","SBQQ__VolumeDiscount__c"
032d0228-b807-4491-ba08-f8d114ab27b0,"#N/A","#N/A",false,"#N/A","#N/A","#N/A","#N/A",true,"#N/A",false,false,"#N/A",0.0,false,616.34,"#N/A",607.34,false,"#N/A",false,"#N/A",false,"#N/A",0.0,"#N/A","#N/A","#N/A","#N/A","#N/A","#N/A","#N/A","#N/A","#N/A","#N/A","#N/A",false,"#N/A","#N/A","#N/A","#N/A","#N/A",false,false,false,0.0,"#N/A","#N/A","#N/A","#N/A",0.0,false,false,1.0,"#N/A","#N/A","#N/A","#N/A",false,0.0,"#N/A","#N/A","#N/A","#N/A","#N/A",0.0,"#N/A","#N/A",false,01u3t00000eiG2WAAU,false,List,"#N/A","#N/A",One-time,1.0,0.0,0.0,1.0,35f492e8-a3c1-4fc7-9b56-56af482928eb,0.0,false,"#N/A","#N/A","#N/A","#N/A","#N/A","#N/A","#N/A","#N/A",0.0,"#N/A","#N/A",List,"#N/A","#N/A","#N/A",Quote,"#N/A","#N/A",One-time,"#N/A",false,"#N/A","#N/A","#N/A","#N/A","#N/A","#N/A","#N/A",0.0,0.0,"#N/A"
0542795f-e2db-4330-90b2-849233b28f0f,"#N/A","#N/A",false,"#N/A","#N/A","#N/A","#N/A",false,1.0,false,false,"#N/A","#N/A",false,"#N/A","#N/A","#N/A",false,"#N/A",false,"#N/A",false,"#N/A",150.0,1.0,Regular cleaning &amp; preventative maintenance to keep your equipment operating optimally.- Recurring,"#N/A","#N/A","#N/A","#N/A","#N/A","#N/A",a2s3t000002EoEmAAK,"#N/A","#N/A",false,"#N/A","#N/A","#N/A","#N/A","#N/A",false,false,false,150.0,"#N/A","#N/A","#N/A","#N/A",150.0,false,false,4.0,"#N/A","#N/A",1.0,Component,false,150.0,"#N/A","#N/A","#N/A","#N/A","#N/A",150.0,"#N/A","#N/A",false,01u3t00000eiG1VAAU,false,List,"#N/A",e9fb044e-4f31-4ce9-9c88-8f1c5cabaaf5,Renewable,1.0,150.0,150.0,1.0,83135487-1ddb-443b-8930-d7d9e291d9f1,150.0,false,"#N/A",cc9b4935-bf53-448c-9569-6e8b028b704e,"#N/A","#N/A","#N/A","#N/A","#N/A","#N/A",150.0,"#N/A","#N/A",List,"#N/A","#N/A",Fixed Price,Quote,"#N/A","#N/A",Renewable,"#N/A",false,"#N/A","#N/A","#N/A","#N/A","#N/A","#N/A","#N/A",0.0,0.0,"#N/A"
11ca2e73-64dd-4b86-8530-cca7d040eb92,"#N/A","#N/A",false,"#N/A","#N/A","#N/A","#N/A",false,1.0,false,false,"#N/A","#N/A",false,"#N/A","#N/A","#N/A",false,"#N/A",false,"#N/A",false,"#N/A",39.35,"#N/A",10 Gallon Bag in Box Syrup- One time,"#N/A","#N/A","#N/A","#N/A","#N/A","#N/A",a2s3t000002EoEkAAK,"#N/A","#N/A",false,"#N/A","#N/A","#N/A","#N/A","#N/A",false,false,false,39.35,"#N/A","#N/A","#N/A","#N/A",39.35,false,false,2.0,"#N/A","#N/A",1.0,Component,false,39.35,"#N/A","#N/A","#N/A","#N/A","#N/A",39.35,"#N/A","#N/A",false,01u3t00000eiG2NAAU,false,List,"#N/A",32b9143a-f0c8-4f3e-aee7-5778878d8509,One-time,1.0,39.35,39.35,1.0,e366275c-6fbb-4753-b0bc-3a47d331433d,39.35,false,"#N/A",e2c3cf57-2dbf-43ef-8aa9-ee3e6a7285a7,"#N/A","#N/A","#N/A","#N/A","#N/A","#N/A",39.35,"#N/A","#N/A",List,"#N/A","#N/A","#N/A",Quote,"#N/A","#N/A",One-time,"#N/A",false,"#N/A","#N/A","#N/A","#N/A","#N/A","#N/A","#N/A",0.0,0.0,"#N/A"
1d98dc35-00ad-4184-a39d-5b0c1f3cc91e,"#N/A","#N/A",false,"#N/A","#N/A","#N/A","#N/A",false,1.0,false,false,"#N/A","#N/A",false,"#N/A","#N/A","#N/A",false,"#N/A",false,"#N/A",false,"#N/A",3189.0,"#N/A",10 Flomatic valves to dispense an assortment of beverages. <br>Ice dispenser holds 200lb of ice.,"#N/A","#N/A","#N/A","#N/A","#N/A","#N/A",a2s3t000002EoEpAAK,"#N/A","#N/A",false,"#N/A","#N/A","#N/A","#N/A","#N/A",false,false,false,3189.0,"#N/A","#N/A","#N/A","#N/A",3189.0,false,false,6.0,"#N/A","#N/A",1.0,Component,false,3189.0,"#N/A","#N/A","#N/A","#N/A","#N/A",3189.0,"#N/A","#N/A",false,01u3t00000eiG1WAAU,false,List,"#N/A",de0c2639-bfd3-47e6-a5a0-9d6ebd04a8d0,One-time,1.0,3189.0,3189.0,1.0,83135487-1ddb-443b-8930-d7d9e291d9f1,3189.0,false,"#N/A",cc9b4935-bf53-448c-9569-6e8b028b704e,"#N/A","#N/A","#N/A","#N/A","#N/A","#N/A",3189.0,"#N/A","#N/A",List,"#N/A","#N/A","#N/A",Quote,"#N/A","#N/A",One-time,"#N/A",false,"#N/A","#N/A","#N/A","#N/A","#N/A","#N/A","#N/A",0.0,0.0,"#N/A"
1e95c86b-1d08-44c3-9008-07c59848e794,"#N/A","#N/A",false,"#N/A","#N/A","#N/A","#N/A",false,1.0,false,false,"#N/A","#N/A",false,"#N/A","#N/A","#N/A",false,"#N/A",false,"#N/A",false,"#N/A",150.0,1.0,Regular cleaning &amp; preventative maintenance to keep your equipment operating optimally.- Recurring,"#N/A","#N/A","#N/A","#N/A","#N/A","#N/A",a2s3t000002EoEmAAK,"#N/A","#N/A",false,"#N/A","#N/A","#N/A","#N/A","#N/A",false,false,false,150.0,"#N/A","#N/A","#N/A","#N/A",150.0,false,false,7.0,"#N/A","#N/A",1.0,Component,false,150.0,"#N/A","#N/A","#N/A","#N/A","#N/A",150.0,"#N/A","#N/A",false,01u3t00000eiG1VAAU,false,List,"#N/A",e9fb044e-4f31-4ce9-9c88-8f1c5cabaaf5,Renewable,1.0,150.0,150.0,1.0,14a3e8b1-cb73-4001-9d2f-d20bbb68763c,150.0,false,"#N/A",c643f12d-f515-40b4-b5d3-fdcbaf79751c,"#N/A","#N/A","#N/A","#N/A","#N/A","#N/A",150.0,"#N/A","#N/A",List,"#N/A","#N/A",Fixed Price,Quote,"#N/A","#N/A",Renewable,"#N/A",false,"#N/A","#N/A","#N/A","#N/A","#N/A","#N/A","#N/A",0.0,0.0,"#N/A"
31b1833e-8445-4ba0-b3ba-bc64981be08c,"#N/A","#N/A",false,"#N/A","#N/A","#N/A","#N/A",false,1.0,false,false,"#N/A","#N/A",false,"#N/A","#N/A","#N/A",false,"#N/A",false,"#N/A",false,"#N/A",30.11,1.0,9 Gallon Bag in Box Syrup- Recurring,"#N/A","#N/A","#N/A","#N/A",10.0,"#N/A",a2s3t000002EoEkAAK,"#N/A","#N/A",false,"#N/A","#N/A","#N/A","#N/A","#N/A",false,false,false,33.45,"#N/A","#N/A","#N/A","#N/A",30.11,false,false,3.0,"#N/A","#N/A",1.0,Component,false,33.45,"#N/A","#N/A","#N/A","#N/A","#N/A",30.11,"#N/A","#N/A",false,01u3t00000eiG1TAAU,false,List,"#N/A",ff40ad2d-95bc-42a4-9270-15fd222e1492,Renewable,1.0,33.45,33.45,1.0,b1a91911-0418-4fa0-8989-87864f5e4838,33.45,false,"#N/A",9f9bac18-1655-4d3f-bde6-22e01735d69b,"#N/A","#N/A","#N/A","#N/A","#N/A","#N/A",33.45,"#N/A","#N/A",List,"#N/A","#N/A",Fixed Price,Quote,"#N/A","#N/A",Renewable,"#N/A",false,"#N/A","#N/A","#N/A","#N/A","#N/A","#N/A","#N/A",0.0,0.0,"#N/A"
375f7d99-abfb-4fa2-bcac-5fe1f5f01a52,"#N/A","#N/A",false,"#N/A","#N/A","#N/A","#N/A",false,1.0,false,false,"#N/A","#N/A",false,"#N/A","#N/A","#N/A",false,"#N/A",false,"#N/A",false,"#N/A",3189.0,"#N/A",10 Flomatic valves to dispense an assortment of beverages. <br>Ice dispenser holds 200lb of ice.,"#N/A","#N/A","#N/A","#N/A","#N/A","#N/A",a2s3t000002EoEpAAK,"#N/A","#N/A",false,"#N/A","#N/A","#N/A","#N/A","#N/A",false,false,false,3189.0,"#N/A","#N/A","#N/A","#N/A",3189.0,false,false,11.0,"#N/A","#N/A",1.0,Component,false,3189.0,"#N/A","#N/A","#N/A","#N/A","#N/A",3189.0,"#N/A","#N/A",false,01u3t00000eiG1WAAU,false,List,"#N/A",de0c2639-bfd3-47e6-a5a0-9d6ebd04a8d0,One-time,1.0,3189.0,3189.0,1.0,b1a91911-0418-4fa0-8989-87864f5e4838,3189.0,false,"#N/A",c426eb75-8bd3-4517-91b0-3637b52486f8,"#N/A","#N/A","#N/A","#N/A","#N/A","#N/A",3189.0,"#N/A","#N/A",List,"#N/A","#N/A","#N/A",Quote,"#N/A","#N/A",One-time,"#N/A",false,"#N/A","#N/A","#N/A","#N/A","#N/A","#N/A","#N/A",0.0,0.0,"#N/A"
39ba7a9e-d940-4399-ae42-ed9b12f49c77,"#N/A","#N/A",false,"#N/A","#N/A","#N/A","#N/A",false,1.0,false,false,"#N/A","#N/A",false,"#N/A","#N/A","#N/A",false,"#N/A",false,"#N/A",false,"#N/A",89.96,1.0,"K-Cycle™ bins are bundled in packs of five (5), for offices that brew 24 K-Cup® pods or more a day - 450 K-Cup® pods per bin. Single bins are not available.- Recurring<br> <br>EACH BIN INCLUDES<br>1. Pre-paid UPS return label affixed to bin<br>2. Pre-affixed bag and zip tie seal for brewed K-Cup® pod collection","#N/A","#N/A","#N/A","#N/A","#N/A","#N/A",a2s3t000002EoEnAAK,"#N/A","#N/A",false,"#N/A","#N/A","#N/A","#N/A","#N/A",false,false,false,89.96,"#N/A","#N/A","#N/A","#N/A",89.96,false,false,6.0,"#N/A","#N/A",1.0,Component,false,89.96,"#N/A","#N/A","#N/A","#N/A","#N/A",89.96,"#N/A","#N/A",false,01u3t00000eiG22AAE,false,List,"#N/A",28656162-007c-4954-bba4-ad56fb3f182b,Renewable,1.0,89.96,89.96,1.0,4b110043-d40c-44fc-bcdf-fd6f882020c9,89.96,false,"#N/A",cddb1656-9b86-4d7a-9719-d7f7b696c937,"#N/A","#N/A","#N/A","#N/A","#N/A","#N/A",89.96,"#N/A","#N/A",List,"#N/A","#N/A",Fixed Price,Quote,"#N/A","#N/A",Renewable,"#N/A",false,"#N/A","#N/A","#N/A","#N/A","#N/A","#N/A","#N/A",0.0,0.0,"#N/A"
3d4ce40e-cf46-4eac-a9b0-692f488d6ea6,"#N/A","#N/A",false,"#N/A","#N/A","#N/A","#N/A",false,1.0,false,false,"#N/A","#N/A",false,"#N/A","#N/A","#N/A",false,"#N/A",false,"#N/A",false,"#N/A",336.75,"#N/A",A high capacity coffee maker designed for continuous use with direct water line plumbing.,"#N/A","#N/A","#N/A","#N/A",25.0,"#N/A",a2s3t000002EoEoAAK,"#N/A","#N/A",false,"#N/A","#N/A","#N/A","#N/A","#N/A",false,false,false,449.0,"#N/A","#N/A","#N/A","#N/A",336.75,false,false,8.0,"#N/A","#N/A",1.0,Component,false,449.0,"#N/A","#N/A","#N/A","#N/A","#N/A",336.75,"#N/A","#N/A",false,01u3t00000eiG2IAAU,false,List,"#N/A",0d5432d3-2434-4dea-80b9-48a66f940a2c,One-time,1.0,449.0,449.0,1.0,45018705-86ea-4618-85c0-3a841d5bb60d,449.0,false,"#N/A",4086aae6-6211-4f17-af02-1d8779f7c4f7,"#N/A","#N/A","#N/A","#N/A","#N/A","#N/A",449.0,"#N/A","#N/A",List,"#N/A","#N/A","#N/A",Quote,"#N/A","#N/A",One-time,"#N/A",false,"#N/A","#N/A","#N/A","#N/A","#N/A","#N/A","#N/A",0.0,0.0,"#N/A"
4086aae6-6211-4f17-af02-1d8779f7c4f7,"#N/A","#N/A",false,"#N/A","#N/A","#N/A","#N/A",true,"#N/A",false,false,"#N/A",0.0,false,834.89,"#N/A",722.64,false,"#N/A",false,"#N/A",false,"#N/A",0.0,"#N/A","#N/A","#N/A","#N/A","#N/A","#N/A","#N/A","#N/A","#N/A","#N/A","#N/A",false,"#N/A","#N/A","#N/A","#N/A","#N/A",false,false,false,0.0,"#N/A","#N/A","#N/A","#N/A",0.0,false,false,1.0,"#N/A","#N/A","#N/A","#N/A",false,0.0,"#N/A","#N/A","#N/A","#N/A","#N/A",0.0,"#N/A","#N/A",false,01u3t00000eiG2WAAU,false,List,"#N/A","#N/A",One-time,1.0,0.0,0.0,1.0,45018705-86ea-4618-85c0-3a841d5bb60d,0.0,false,"#N/A","#N/A","#N/A","#N/A","#N/A","#N/A","#N/A","#N/A",0.0,"#N/A","#N/A",List,"#N/A","#N/A","#N/A",Quote,"#N/A","#N/A",One-time,"#N/A",false,"#N/A","#N/A","#N/A","#N/A","#N/A","#N/A","#N/A",0.0,0.0,"#N/A"
44b1755b-ec2e-456e-b51d-13c3ec55b8ea,"#N/A","#N/A",false,"#N/A","#N/A","#N/A","#N/A",false,1.0,false,false,"#N/A","#N/A",false,"#N/A","#N/A","#N/A",false,"#N/A",false,"#N/A",false,"#N/A",33.45,1.0,7 Gallon Bag in Box Syrup- Recurring,"#N/A","#N/A","#N/A","#N/A","#N/A","#N/A",a2s3t000002EoEkAAK,"#N/A","#N/A",false,"#N/A","#N/A","#N/A","#N/A","#N/A",false,false,false,33.45,"#N/A","#N/A","#N/A","#N/A",33.45,false,false,3.0,"#N/A","#N/A",1.0,Component,false,33.45,"#N/A","#N/A","#N/A","#N/A","#N/A",33.45,"#N/A","#N/A",false,01u3t00000eiG24AAE,false,List,"#N/A",71bdd417-37af-443d-b2f4-d2f286705b2a,Renewable,1.0,33.45,33.45,1.0,14a3e8b1-cb73-4001-9d2f-d20bbb68763c,33.45,false,"#N/A",c643f12d-f515-40b4-b5d3-fdcbaf79751c,"#N/A","#N/A","#N/A","#N/A","#N/A","#N/A",33.45,"#N/A","#N/A",List,"#N/A","#N/A",Fixed Price,Quote,"#N/A","#N/A",Renewable,"#N/A",false,"#N/A","#N/A","#N/A","#N/A","#N/A","#N/A","#N/A",0.0,0.0,"#N/A"
4d937d15-83c8-4b3b-88fb-d26579e844ea,"#N/A","#N/A",false,"#N/A","#N/A","#N/A","#N/A",false,1.0,false,false,"#N/A","#N/A",false,"#N/A","#N/A","#N/A",false,"#N/A",false,"#N/A",false,"#N/A",449.0,"#N/A",A high capacity coffee maker designed for continuous use with direct water line plumbing.,"#N/A","#N/A","#N/A","#N/A","#N/A","#N/A",a2s3t000002EoEoAAK,"#N/A","#N/A",false,"#N/A","#N/A","#N/A","#N/A","#N/A",false,false,false,449.0,"#N/A","#N/A","#N/A","#N/A",449.0,false,false,7.0,"#N/A","#N/A",1.0,Component,false,449.0,"#N/A","#N/A","#N/A","#N/A","#N/A",449.0,"#N/A","#N/A",false,01u3t00000eiG2IAAU,false,List,"#N/A",0d5432d3-2434-4dea-80b9-48a66f940a2c,One-time,1.0,449.0,449.0,1.0,4b110043-d40c-44fc-bcdf-fd6f882020c9,449.0,false,"#N/A",cddb1656-9b86-4d7a-9719-d7f7b696c937,"#N/A","#N/A","#N/A","#N/A","#N/A","#N/A",449.0,"#N/A","#N/A",List,"#N/A","#N/A","#N/A",Quote,"#N/A","#N/A",One-time,"#N/A",false,"#N/A","#N/A","#N/A","#N/A","#N/A","#N/A","#N/A",0.0,0.0,"#N/A"
4dec6f83-ff41-41d7-9608-af8f3c578a1a,"#N/A","#N/A",false,"#N/A","#N/A","#N/A","#N/A",false,1.0,false,false,"#N/A","#N/A",false,"#N/A","#N/A","#N/A",false,"#N/A",false,"#N/A",false,"#N/A",35.42,"#N/A",10 Gallon Bag in Box Syrup- One time,"#N/A","#N/A","#N/A","#N/A",10.0,"#N/A",a2s3t000002EoEkAAK,"#N/A","#N/A",false,"#N/A","#N/A","#N/A","#N/A","#N/A",false,false,false,39.35,"#N/A","#N/A","#N/A","#N/A",35.42,false,false,2.0,"#N/A","#N/A",1.0,Component,false,39.35,"#N/A","#N/A","#N/A","#N/A","#N/A",35.42,"#N/A","#N/A",false,01u3t00000eiG2NAAU,false,List,"#N/A",32b9143a-f0c8-4f3e-aee7-5778878d8509,One-time,1.0,39.35,39.35,1.0,83135487-1ddb-443b-8930-d7d9e291d9f1,39.35,false,"#N/A",cc9b4935-bf53-448c-9569-6e8b028b704e,"#N/A","#N/A","#N/A","#N/A","#N/A","#N/A",39.35,"#N/A","#N/A",List,"#N/A","#N/A","#N/A",Quote,"#N/A","#N/A",One-time,"#N/A",false,"#N/A","#N/A","#N/A","#N/A","#N/A","#N/A","#N/A",0.0,0.0,"#N/A"
6c5b293e-b42f-4f29-8e11-f9f538af232b,"#N/A","#N/A",false,"#N/A","#N/A","#N/A","#N/A",false,1.0,false,false,"#N/A","#N/A",false,"#N/A","#N/A","#N/A",false,"#N/A",false,"#N/A",false,"#N/A",354.99,"#N/A","Forces CO2 into water to create carbonation for sodas<br>No need to turn off CO2 or water to service; maintain electronics without depressurizing the tank<br>115V, 1/3 hp, 1725 RPM motor","#N/A","#N/A","#N/A","#N/A","#N/A","#N/A",a2s3t000002EoEpAAK,"#N/A","#N/A",false,"#N/A","#N/A","#N/A","#N/A","#N/A",false,false,false,354.99,"#N/A","#N/A","#N/A","#N/A",354.99,false,false,8.0,"#N/A","#N/A",1.0,Component,false,354.99,"#N/A","#N/A","#N/A","#N/A","#N/A",354.99,"#N/A","#N/A",false,01u3t00000eiG2FAAU,false,List,"#N/A",b12df8d0-93e5-4f6d-b81f-8a204e12dfe6,One-time,1.0,354.99,354.99,1.0,14a3e8b1-cb73-4001-9d2f-d20bbb68763c,354.99,false,"#N/A",c643f12d-f515-40b4-b5d3-fdcbaf79751c,"#N/A","#N/A","#N/A","#N/A","#N/A","#N/A",354.99,"#N/A","#N/A",List,"#N/A","#N/A","#N/A",Quote,"#N/A","#N/A",One-time,"#N/A",false,"#N/A","#N/A","#N/A","#N/A","#N/A","#N/A","#N/A",0.0,0.0,"#N/A"
6d0cb222-f60b-4f0e-a63f-8420c6b19ba4,"#N/A","#N/A",false,"#N/A","#N/A","#N/A","#N/A",false,1.0,false,false,"#N/A","#N/A",false,"#N/A","#N/A","#N/A",false,"#N/A",false,"#N/A",false,"#N/A",150.0,1.0,Regular cleaning &amp; preventative maintenance to keep your equipment operating optimally.- Recurring,"#N/A","#N/A","#N/A","#N/A","#N/A","#N/A",a2s3t000002EoEnAAK,"#N/A","#N/A",false,"#N/A","#N/A","#N/A","#N/A","#N/A",false,false,false,150.0,"#N/A","#N/A","#N/A","#N/A",150.0,false,false,7.0,"#N/A","#N/A",1.0,Component,false,150.0,"#N/A","#N/A","#N/A","#N/A","#N/A",150.0,"#N/A","#N/A",false,01u3t00000eiG1VAAU,false,List,"#N/A",e98d4b4a-03c2-418e-ae6d-7c9a7393706f,Renewable,1.0,150.0,150.0,1.0,45018705-86ea-4618-85c0-3a841d5bb60d,150.0,false,"#N/A",4086aae6-6211-4f17-af02-1d8779f7c4f7,"#N/A","#N/A","#N/A","#N/A","#N/A","#N/A",150.0,"#N/A","#N/A",List,"#N/A","#N/A",Fixed Price,Quote,"#N/A","#N/A",Renewable,"#N/A",false,"#N/A","#N/A","#N/A","#N/A","#N/A","#N/A","#N/A",0.0,0.0,"#N/A"
7291e297-f69b-4281-b5a3-fd7ef0536dda,"#N/A","#N/A",false,"#N/A","#N/A","#N/A","#N/A",false,1.0,false,false,"#N/A","#N/A",false,"#N/A","#N/A","#N/A",false,"#N/A",false,"#N/A",false,"#N/A",14.99,"#N/A",1 24-count Box of K-Cups Pods- One time,"#N/A","#N/A","#N/A","#N/A","#N/A","#N/A",a2s3t000002EoElAAK,"#N/A","#N/A",false,"#N/A","#N/A","#N/A","#N/A","#N/A",false,false,false,14.99,"#N/A","#N/A","#N/A","#N/A",14.99,false,false,3.0,"#N/A","#N/A",1.0,Component,false,14.99,"#N/A","#N/A","#N/A","#N/A","#N/A",14.99,"#N/A","#N/A",false,01u3t00000eiG2UAAU,false,List,"#N/A",185704dd-728a-43a5-9cb8-b9d9256f05da,Renewable,1.0,14.99,14.99,1.0,35f492e8-a3c1-4fc7-9b56-56af482928eb,14.99,false,"#N/A",032d0228-b807-4491-ba08-f8d114ab27b0,"#N/A","#N/A","#N/A","#N/A","#N/A","#N/A",14.99,"#N/A","#N/A",List,"#N/A","#N/A","#N/A",Quote,"#N/A","#N/A",Renewable,"#N/A",false,"#N/A","#N/A","#N/A","#N/A","#N/A","#N/A","#N/A",0.0,0.0,"#N/A"
73e8e53e-d9fa-4d29-9bf7-743f2960f774,"#N/A","#N/A",false,"#N/A","#N/A","#N/A","#N/A",false,1.0,false,false,"#N/A","#N/A",false,"#N/A","#N/A","#N/A",false,"#N/A",false,"#N/A",false,"#N/A",14.24,"#N/A",1 24-count Box of K-Cups Pods- One time,"#N/A","#N/A","#N/A","#N/A",5.0,"#N/A",a2s3t000002EoElAAK,"#N/A","#N/A",false,"#N/A","#N/A","#N/A","#N/A","#N/A",false,false,false,14.99,"#N/A","#N/A","#N/A","#N/A",14.24,false,false,5.0,"#N/A","#N/A",1.0,Component,false,14.99,"#N/A","#N/A","#N/A","#N/A","#N/A",14.24,"#N/A","#N/A",false,01u3t00000eiG2RAAU,false,List,"#N/A",0fdb08df-356c-4c8b-9ee7-0bd75bf61ed2,One-time,1.0,14.99,14.99,1.0,4b110043-d40c-44fc-bcdf-fd6f882020c9,14.99,false,"#N/A",cddb1656-9b86-4d7a-9719-d7f7b696c937,"#N/A","#N/A","#N/A","#N/A","#N/A","#N/A",14.99,"#N/A","#N/A",List,"#N/A","#N/A","#N/A",Quote,"#N/A","#N/A",One-time,"#N/A",false,"#N/A","#N/A","#N/A","#N/A","#N/A","#N/A","#N/A",0.0,0.0,"#N/A"
74164aff-0ab8-4c55-b269-58fc939ba4b2,"#N/A","#N/A",false,"#N/A","#N/A","#N/A","#N/A",false,1.0,false,false,"#N/A","#N/A",false,"#N/A","#N/A","#N/A",false,"#N/A",false,"#N/A",false,"#N/A",14.24,"#N/A",1 24-count Box of K-Cups Pods- One time,"#N/A","#N/A","#N/A","#N/A",5.0,"#N/A",a2s3t000002EoElAAK,"#N/A","#N/A",false,"#N/A","#N/A","#N/A","#N/A","#N/A",false,false,false,14.99,"#N/A","#N/A","#N/A","#N/A",14.24,false,false,4.0,"#N/A","#N/A",1.0,Component,false,14.99,"#N/A","#N/A","#N/A","#N/A","#N/A",14.24,"#N/A","#N/A",false,01u3t00000eiG2SAAU,false,List,"#N/A",1777aa38-a551-420b-9601-ea9bfd7d5253,One-time,1.0,14.99,14.99,1.0,4b110043-d40c-44fc-bcdf-fd6f882020c9,14.99,false,"#N/A",cddb1656-9b86-4d7a-9719-d7f7b696c937,"#N/A","#N/A","#N/A","#N/A","#N/A","#N/A",14.99,"#N/A","#N/A",List,"#N/A","#N/A","#N/A",Quote,"#N/A","#N/A",One-time,"#N/A",false,"#N/A","#N/A","#N/A","#N/A","#N/A","#N/A","#N/A",0.0,0.0,"#N/A"
77b34c2d-80df-437d-8e7c-256f3d733fa1,"#N/A","#N/A",false,"#N/A","#N/A","#N/A","#N/A",false,1.0,false,false,"#N/A","#N/A",false,"#N/A","#N/A","#N/A",false,"#N/A",false,"#N/A",false,"#N/A",89.96,1.0,"K-Cycle™ bins are bundled in packs of five (5), for offices that brew 24 K-Cup® pods or more a day - 450 K-Cup® pods per bin. Single bins are not available.- Recurring<br> <br>EACH BIN INCLUDES<br>1. Pre-paid UPS return label affixed to bin<br>2. Pre-affixed bag and zip tie seal for brewed K-Cup® pod collection","#N/A","#N/A","#N/A","#N/A","#N/A","#N/A",a2s3t000002EoEnAAK,"#N/A","#N/A",false,"#N/A","#N/A","#N/A","#N/A","#N/A",false,false,false,89.96,"#N/A","#N/A","#N/A","#N/A",89.96,false,false,6.0,"#N/A","#N/A",1.0,Component,false,89.96,"#N/A","#N/A","#N/A","#N/A","#N/A",89.96,"#N/A","#N/A",false,01u3t00000eiG22AAE,false,List,"#N/A",28656162-007c-4954-bba4-ad56fb3f182b,Renewable,1.0,89.96,89.96,1.0,45018705-86ea-4618-85c0-3a841d5bb60d,89.96,false,"#N/A",4086aae6-6211-4f17-af02-1d8779f7c4f7,"#N/A","#N/A","#N/A","#N/A","#N/A","#N/A",89.96,"#N/A","#N/A",List,"#N/A","#N/A",Fixed Price,Quote,"#N/A","#N/A",Renewable,"#N/A",false,"#N/A","#N/A","#N/A","#N/A","#N/A","#N/A","#N/A",0.0,0.0,"#N/A"
7aead2bc-4eef-4b01-943a-ff5318078ab8,"#N/A","#N/A",false,"#N/A","#N/A","#N/A","#N/A",false,1.0,false,false,"#N/A","#N/A",false,"#N/A","#N/A","#N/A",false,"#N/A",false,"#N/A",false,"#N/A",14.24,"#N/A",1 24-count Box of K-Cups Pods- One time,"#N/A","#N/A","#N/A","#N/A",5.0,"#N/A",a2s3t000002EoElAAK,"#N/A","#N/A",false,"#N/A","#N/A","#N/A","#N/A","#N/A",false,false,false,14.99,"#N/A","#N/A","#N/A","#N/A",14.24,false,false,2.0,"#N/A","#N/A",1.0,Component,false,14.99,"#N/A","#N/A","#N/A","#N/A","#N/A",14.24,"#N/A","#N/A",false,01u3t00000eiG2VAAU,false,List,"#N/A",17b9e719-fe95-4f44-a334-8d919d7c7d74,Renewable,1.0,14.99,14.99,1.0,4b110043-d40c-44fc-bcdf-fd6f882020c9,14.99,false,"#N/A",cddb1656-9b86-4d7a-9719-d7f7b696c937,"#N/A","#N/A","#N/A","#N/A","#N/A","#N/A",14.99,"#N/A","#N/A",List,"#N/A","#N/A","#N/A",Quote,"#N/A","#N/A",Renewable,"#N/A",false,"#N/A","#N/A","#N/A","#N/A","#N/A","#N/A","#N/A",0.0,0.0,"#N/A"
807cad18-e0e8-4487-9c54-26f52e81f4cc,"#N/A","#N/A",false,"#N/A","#N/A","#N/A","#N/A",false,1.0,false,false,"#N/A","#N/A",false,"#N/A","#N/A","#N/A",false,"#N/A",false,"#N/A",false,"#N/A",120.0,1.0,Regular cleaning &amp; preventative maintenance to keep your equipment operating optimally.- Recurring,"#N/A","#N/A","#N/A","#N/A",20.0,"#N/A",a2s3t000002EoEmAAK,"#N/A","#N/A",false,"#N/A","#N/A","#N/A","#N/A","#N/A",false,false,false,150.0,"#N/A","#N/A","#N/A","#N/A",120.0,false,false,5.0,"#N/A","#N/A",1.0,Component,false,150.0,"#N/A","#N/A","#N/A","#N/A","#N/A",120.0,"#N/A","#N/A",false,01u3t00000eiG1VAAU,false,List,"#N/A",e9fb044e-4f31-4ce9-9c88-8f1c5cabaaf5,Renewable,1.0,150.0,150.0,1.0,b1a91911-0418-4fa0-8989-87864f5e4838,150.0,false,"#N/A",9f9bac18-1655-4d3f-bde6-22e01735d69b,"#N/A","#N/A","#N/A","#N/A","#N/A","#N/A",150.0,"#N/A","#N/A",List,"#N/A","#N/A",Fixed Price,Quote,"#N/A","#N/A",Renewable,"#N/A",false,"#N/A","#N/A","#N/A","#N/A","#N/A","#N/A","#N/A",0.0,0.0,"#N/A"
8229782d-86de-4328-b875-7710a63c27c3,"#N/A","#N/A",false,"#N/A","#N/A","#N/A","#N/A",false,1.0,false,false,"#N/A","#N/A",false,"#N/A","#N/A","#N/A",false,"#N/A",false,"#N/A",false,"#N/A",39.35,"#N/A",5 Gallon Bag in Box Syrup- One time,"#N/A","#N/A","#N/A","#N/A","#N/A","#N/A",a2s3t000002EoEkAAK,"#N/A","#N/A",false,"#N/A","#N/A","#N/A","#N/A","#N/A",false,false,false,39.35,"#N/A","#N/A","#N/A","#N/A",39.35,false,false,7.0,"#N/A","#N/A",1.0,Component,false,39.35,"#N/A","#N/A","#N/A","#N/A","#N/A",39.35,"#N/A","#N/A",false,01u3t00000eiG21AAE,false,List,"#N/A",7fe5a417-2862-4cd8-b74a-c8d1c453622b,One-time,1.0,39.35,39.35,1.0,e366275c-6fbb-4753-b0bc-3a47d331433d,39.35,false,"#N/A",e2c3cf57-2dbf-43ef-8aa9-ee3e6a7285a7,"#N/A","#N/A","#N/A","#N/A","#N/A","#N/A",39.35,"#N/A","#N/A",List,"#N/A","#N/A","#N/A",Quote,"#N/A","#N/A",One-time,"#N/A",false,"#N/A","#N/A","#N/A","#N/A","#N/A","#N/A","#N/A",0.0,0.0,"#N/A"
82eeda77-4bdf-4fad-ba86-73620f698130,"#N/A","#N/A",false,"#N/A","#N/A","#N/A","#N/A",false,1.0,false,false,"#N/A","#N/A",false,"#N/A","#N/A","#N/A",false,"#N/A",false,"#N/A",false,"#N/A",33.45,1.0,11 Gallon Bag in Box Syrup- Recurring,"#N/A","#N/A","#N/A","#N/A","#N/A","#N/A",a2s3t000002EoEkAAK,"#N/A","#N/A",false,"#N/A","#N/A","#N/A","#N/A","#N/A",false,false,false,33.45,"#N/A","#N/A","#N/A","#N/A",33.45,false,false,4.0,"#N/A","#N/A",1.0,Component,false,33.45,"#N/A","#N/A","#N/A","#N/A","#N/A",33.45,"#N/A","#N/A",false,01u3t00000eiG1UAAU,false,List,"#N/A",34f5f1ba-c0de-4cca-8706-8535123caeae,Renewable,1.0,33.45,33.45,1.0,b1a91911-0418-4fa0-8989-87864f5e4838,33.45,false,"#N/A",9f9bac18-1655-4d3f-bde6-22e01735d69b,"#N/A","#N/A","#N/A","#N/A","#N/A","#N/A",33.45,"#N/A","#N/A",List,"#N/A","#N/A",Fixed Price,Quote,"#N/A","#N/A",Renewable,"#N/A",false,"#N/A","#N/A","#N/A","#N/A","#N/A","#N/A","#N/A",0.0,0.0,"#N/A"
8422994a-775b-47a0-bda8-b6d055a33d6b,"#N/A","#N/A",false,"#N/A","#N/A","#N/A","#N/A",false,1.0,false,false,"#N/A","#N/A",false,"#N/A","#N/A","#N/A",false,"#N/A",false,"#N/A",false,"#N/A",14.99,"#N/A",1 24-count Box of K-Cups Pods- One time,"#N/A","#N/A","#N/A","#N/A","#N/A","#N/A",a2s3t000002EoElAAK,"#N/A","#N/A",false,"#N/A","#N/A","#N/A","#N/A","#N/A",false,false,false,14.99,"#N/A","#N/A","#N/A","#N/A",14.99,false,false,4.0,"#N/A","#N/A",1.0,Component,false,14.99,"#N/A","#N/A","#N/A","#N/A","#N/A",14.99,"#N/A","#N/A",false,01u3t00000eiG2UAAU,false,List,"#N/A",185704dd-728a-43a5-9cb8-b9d9256f05da,Renewable,1.0,14.99,14.99,1.0,45018705-86ea-4618-85c0-3a841d5bb60d,14.99,false,"#N/A",4086aae6-6211-4f17-af02-1d8779f7c4f7,"#N/A","#N/A","#N/A","#N/A","#N/A","#N/A",14.99,"#N/A","#N/A",List,"#N/A","#N/A","#N/A",Quote,"#N/A","#N/A",Renewable,"#N/A",false,"#N/A","#N/A","#N/A","#N/A","#N/A","#N/A","#N/A",0.0,0.0,"#N/A"
86a147c5-875c-4e27-ad08-70c30ea94839,"#N/A","#N/A",false,"#N/A","#N/A","#N/A","#N/A",false,1.0,false,false,"#N/A","#N/A",false,"#N/A","#N/A","#N/A",false,"#N/A",false,"#N/A",false,"#N/A",3189.0,"#N/A",10 Flomatic valves to dispense an assortment of beverages. <br>Ice dispenser holds 200lb of ice.,"#N/A","#N/A","#N/A","#N/A","#N/A","#N/A",a2s3t000002EoEpAAK,"#N/A","#N/A",false,"#N/A","#N/A","#N/A","#N/A","#N/A",false,false,false,3189.0,"#N/A","#N/A","#N/A","#N/A",3189.0,false,false,9.0,"#N/A","#N/A",1.0,Component,false,3189.0,"#N/A","#N/A","#N/A","#N/A","#N/A",3189.0,"#N/A","#N/A",false,01u3t00000eiG1WAAU,false,List,"#N/A",de0c2639-bfd3-47e6-a5a0-9d6ebd04a8d0,One-time,1.0,3189.0,3189.0,1.0,14a3e8b1-cb73-4001-9d2f-d20bbb68763c,3189.0,false,"#N/A",c643f12d-f515-40b4-b5d3-fdcbaf79751c,"#N/A","#N/A","#N/A","#N/A","#N/A","#N/A",3189.0,"#N/A","#N/A",List,"#N/A","#N/A","#N/A",Quote,"#N/A","#N/A",One-time,"#N/A",false,"#N/A","#N/A","#N/A","#N/A","#N/A","#N/A","#N/A",0.0,0.0,"#N/A"
895edff6-f8fd-42cc-9e7c-d80973715151,"#N/A","#N/A",false,"#N/A","#N/A","#N/A","#N/A",false,1.0,false,false,"#N/A","#N/A",false,"#N/A","#N/A","#N/A",false,"#N/A",false,"#N/A",false,"#N/A",28.43,1.0,6 Gallon Bag in Box Syrup- Recurring,"#N/A","#N/A","#N/A","#N/A",15.0,"#N/A",a2s3t000002EoEkAAK,"#N/A","#N/A",false,"#N/A","#N/A","#N/A","#N/A","#N/A",false,false,false,33.45,"#N/A","#N/A","#N/A","#N/A",28.43,false,false,6.0,"#N/A","#N/A",1.0,Component,false,33.45,"#N/A","#N/A","#N/A","#N/A","#N/A",28.43,"#N/A","#N/A",false,01u3t00000eiG1SAAU,false,List,"#N/A",7c6968fa-320a-468e-be3c-561c7f78602d,Renewable,1.0,33.45,33.45,1.0,14a3e8b1-cb73-4001-9d2f-d20bbb68763c,33.45,false,"#N/A",c643f12d-f515-40b4-b5d3-fdcbaf79751c,"#N/A","#N/A","#N/A","#N/A","#N/A","#N/A",33.45,"#N/A","#N/A",List,"#N/A","#N/A",Fixed Price,Quote,"#N/A","#N/A",Renewable,"#N/A",false,"#N/A","#N/A","#N/A","#N/A","#N/A","#N/A","#N/A",0.0,0.0,"#N/A"
8f8b5f4c-6f92-465b-9dce-21359f40da95,"#N/A","#N/A",false,"#N/A","#N/A","#N/A","#N/A",false,1.0,false,false,"#N/A","#N/A",false,"#N/A","#N/A","#N/A",false,"#N/A",false,"#N/A",false,"#N/A",33.45,1.0,11 Gallon Bag in Box Syrup- Recurring,"#N/A","#N/A","#N/A","#N/A","#N/A","#N/A",a2s3t000002EoEkAAK,"#N/A","#N/A",false,"#N/A","#N/A","#N/A","#N/A","#N/A",false,false,false,33.45,"#N/A","#N/A","#N/A","#N/A",33.45,false,false,5.0,"#N/A","#N/A",1.0,Component,false,33.45,"#N/A","#N/A","#N/A","#N/A","#N/A",33.45,"#N/A","#N/A",false,01u3t00000eiG1UAAU,false,List,"#N/A",34f5f1ba-c0de-4cca-8706-8535123caeae,Renewable,1.0,33.45,33.45,1.0,14a3e8b1-cb73-4001-9d2f-d20bbb68763c,33.45,false,"#N/A",c643f12d-f515-40b4-b5d3-fdcbaf79751c,"#N/A","#N/A","#N/A","#N/A","#N/A","#N/A",33.45,"#N/A","#N/A",List,"#N/A","#N/A",Fixed Price,Quote,"#N/A","#N/A",Renewable,"#N/A",false,"#N/A","#N/A","#N/A","#N/A","#N/A","#N/A","#N/A",0.0,0.0,"#N/A"
907bc6b9-746d-4323-bf12-44e2f9fd929a,"#N/A","#N/A",false,"#N/A","#N/A","#N/A","#N/A",false,1.0,false,false,"#N/A","#N/A",false,"#N/A","#N/A","#N/A",false,"#N/A",false,"#N/A",false,"#N/A",359.99,"#N/A",Fully programmable coffee maker with an interactive touch-screen that allows for a customizable brewing experience.<br>Includes Direct Plumb Kit Accessory,"#N/A","#N/A","#N/A","#N/A","#N/A","#N/A",a2s3t000002EoEoAAK,"#N/A","#N/A",false,"#N/A","#N/A","#N/A","#N/A","#N/A",false,false,false,359.99,"#N/A","#N/A","#N/A","#N/A",359.99,false,false,7.0,"#N/A","#N/A",1.0,Component,false,359.99,"#N/A","#N/A","#N/A","#N/A","#N/A",359.99,"#N/A","#N/A",false,01u3t00000eiG2HAAU,false,List,"#N/A",bf28b126-d305-4852-9122-498c2708c92e,One-time,1.0,359.99,359.99,1.0,35f492e8-a3c1-4fc7-9b56-56af482928eb,359.99,false,"#N/A",032d0228-b807-4491-ba08-f8d114ab27b0,"#N/A","#N/A","#N/A","#N/A","#N/A","#N/A",359.99,"#N/A","#N/A",List,"#N/A","#N/A","#N/A",Quote,"#N/A","#N/A",One-time,"#N/A",false,"#N/A","#N/A","#N/A","#N/A","#N/A","#N/A","#N/A",0.0,0.0,"#N/A"
91b9654c-2522-4bb6-8419-fe1f0d55e4f0,"#N/A","#N/A",false,"#N/A","#N/A","#N/A","#N/A",false,1.0,false,false,"#N/A","#N/A",false,"#N/A","#N/A","#N/A",false,"#N/A",false,"#N/A",false,"#N/A",12.74,1.0,1 24-count Box of K-Cups Pods- Recurring,"#N/A","#N/A","#N/A","#N/A","#N/A","#N/A",a2s3t000002EoElAAK,"#N/A","#N/A",false,"#N/A","#N/A","#N/A","#N/A","#N/A",false,false,false,12.74,"#N/A","#N/A","#N/A","#N/A",12.74,false,false,5.0,"#N/A","#N/A",1.0,Component,false,12.74,"#N/A","#N/A","#N/A","#N/A","#N/A",12.74,"#N/A","#N/A",false,01u3t00000eiG2CAAU,false,List,"#N/A",3356ef07-b5ef-4779-ad91-2b66f7193da0,Renewable,1.0,12.74,12.74,1.0,45018705-86ea-4618-85c0-3a841d5bb60d,12.74,false,"#N/A",4086aae6-6211-4f17-af02-1d8779f7c4f7,"#N/A","#N/A","#N/A","#N/A","#N/A","#N/A",12.74,"#N/A","#N/A",List,"#N/A","#N/A",Fixed Price,Quote,"#N/A","#N/A",Renewable,"#N/A",false,"#N/A","#N/A","#N/A","#N/A","#N/A","#N/A","#N/A",0.0,0.0,"#N/A"
91ed0aba-4689-49f1-a1a4-834867e1b3bb,"#N/A","#N/A",false,"#N/A","#N/A","#N/A","#N/A",false,1.0,false,false,"#N/A","#N/A",false,"#N/A","#N/A","#N/A",false,"#N/A",false,"#N/A",false,"#N/A",39.35,"#N/A",12 Gallon Bag in Box Syrup- One time,"#N/A","#N/A","#N/A","#N/A","#N/A","#N/A",a2s3t000002EoEkAAK,"#N/A","#N/A",false,"#N/A","#N/A","#N/A","#N/A","#N/A",false,false,false,39.35,"#N/A","#N/A","#N/A","#N/A",39.35,false,false,9.0,"#N/A","#N/A",1.0,Component,false,39.35,"#N/A","#N/A","#N/A","#N/A","#N/A",39.35,"#N/A","#N/A",false,01u3t00000eiG1XAAU,false,List,"#N/A",99434669-e9aa-4cc6-af21-869bedf9687f,One-time,1.0,39.35,39.35,1.0,b1a91911-0418-4fa0-8989-87864f5e4838,39.35,false,"#N/A",c426eb75-8bd3-4517-91b0-3637b52486f8,"#N/A","#N/A","#N/A","#N/A","#N/A","#N/A",39.35,"#N/A","#N/A",List,"#N/A","#N/A","#N/A",Quote,"#N/A","#N/A",One-time,"#N/A",false,"#N/A","#N/A","#N/A","#N/A","#N/A","#N/A","#N/A",0.0,0.0,"#N/A"
94479524-291e-4c1f-8e5f-5fb8e7232f81,"#N/A","#N/A",false,"#N/A","#N/A","#N/A","#N/A",false,1.0,false,false,"#N/A","#N/A",false,"#N/A","#N/A","#N/A",false,"#N/A",false,"#N/A",false,"#N/A",103.21,1.0,8 24-count Boxes of our best selling blends.- Recurring,"#N/A","#N/A","#N/A","#N/A","#N/A","#N/A",a2s3t000002EoElAAK,"#N/A","#N/A",false,"#N/A","#N/A","#N/A","#N/A","#N/A",false,false,false,103.21,"#N/A","#N/A","#N/A","#N/A",103.21,false,false,3.0,"#N/A","#N/A",1.0,Component,false,103.21,"#N/A","#N/A","#N/A","#N/A","#N/A",103.21,"#N/A","#N/A",false,01u3t00000eiG28AAE,false,List,"#N/A",b6b6066c-224e-480f-9c1f-b72025624607,Renewable,1.0,103.21,103.21,1.0,45018705-86ea-4618-85c0-3a841d5bb60d,103.21,false,"#N/A",4086aae6-6211-4f17-af02-1d8779f7c4f7,"#N/A","#N/A","#N/A","#N/A","#N/A","#N/A",103.21,"#N/A","#N/A",List,"#N/A","#N/A",Fixed Price,Quote,"#N/A","#N/A",Renewable,"#N/A",false,"#N/A","#N/A","#N/A","#N/A","#N/A","#N/A","#N/A",0.0,0.0,"#N/A"
9477e65f-a722-466e-a99b-acdf6f836246,"#N/A","#N/A",false,"#N/A","#N/A","#N/A","#N/A",false,1.0,false,false,"#N/A","#N/A",false,"#N/A","#N/A","#N/A",false,"#N/A",false,"#N/A",false,"#N/A",121.42,"#N/A",8 24-count Boxes of our best selling blends.- One time,"#N/A","#N/A","#N/A","#N/A","#N/A","#N/A",a2s3t000002EoElAAK,"#N/A","#N/A",false,"#N/A","#N/A","#N/A","#N/A","#N/A",false,false,false,121.42,"#N/A","#N/A","#N/A","#N/A",121.42,false,false,2.0,"#N/A","#N/A",1.0,Component,false,121.42,"#N/A","#N/A","#N/A","#N/A","#N/A",121.42,"#N/A","#N/A",false,01u3t00000eiG2PAAU,false,List,"#N/A",072c454d-5a33-43ab-ba32-74cbb0d960b9,One-time,1.0,121.42,121.42,1.0,35f492e8-a3c1-4fc7-9b56-56af482928eb,121.42,false,"#N/A",032d0228-b807-4491-ba08-f8d114ab27b0,"#N/A","#N/A","#N/A","#N/A","#N/A","#N/A",121.42,"#N/A","#N/A",List,"#N/A","#N/A","#N/A",Quote,"#N/A","#N/A",One-time,"#N/A",false,"#N/A","#N/A","#N/A","#N/A","#N/A","#N/A","#N/A",0.0,0.0,"#N/A"
963fab98-756e-4d1c-9186-11442bdee5ca,"#N/A","#N/A",false,"#N/A","#N/A","#N/A","#N/A",false,1.0,false,false,"#N/A","#N/A",false,"#N/A","#N/A","#N/A",false,"#N/A",false,"#N/A",false,"#N/A",39.35,"#N/A",12 Gallon Bag in Box Syrup- One time,"#N/A","#N/A","#N/A","#N/A","#N/A","#N/A",a2s3t000002EoEkAAK,"#N/A","#N/A",false,"#N/A","#N/A","#N/A","#N/A","#N/A",false,false,false,39.35,"#N/A","#N/A","#N/A","#N/A",39.35,false,false,2.0,"#N/A","#N/A",1.0,Component,false,39.35,"#N/A","#N/A","#N/A","#N/A","#N/A",39.35,"#N/A","#N/A",false,01u3t00000eiG1XAAU,false,List,"#N/A",99434669-e9aa-4cc6-af21-869bedf9687f,One-time,1.0,39.35,39.35,1.0,14a3e8b1-cb73-4001-9d2f-d20bbb68763c,39.35,false,"#N/A",c643f12d-f515-40b4-b5d3-fdcbaf79751c,"#N/A","#N/A","#N/A","#N/A","#N/A","#N/A",39.35,"#N/A","#N/A",List,"#N/A","#N/A","#N/A",Quote,"#N/A","#N/A",One-time,"#N/A",false,"#N/A","#N/A","#N/A","#N/A","#N/A","#N/A","#N/A",0.0,0.0,"#N/A"
9745ebc6-3dd8-46a5-b67f-471992e01eb9,"#N/A","#N/A",false,"#N/A","#N/A","#N/A","#N/A",false,1.0,false,false,"#N/A","#N/A",false,"#N/A","#N/A","#N/A",false,"#N/A",false,"#N/A",false,"#N/A",80.96,1.0,"K-Cycle™ bins are bundled in packs of five (5), for offices that brew 24 K-Cup® pods or more a day - 450 K-Cup® pods per bin. Single bins are not available.- Recurring<br> <br>EACH BIN INCLUDES<br>1. Pre-paid UPS return label affixed to bin<br>2. Pre-affixed bag and zip tie seal for brewed K-Cup® pod collection","#N/A","#N/A","#N/A","#N/A",10.0,"#N/A",a2s3t000002EoEnAAK,"#N/A","#N/A",false,"#N/A","#N/A","#N/A","#N/A","#N/A",false,false,false,89.96,"#N/A","#N/A","#N/A","#N/A",80.96,false,false,6.0,"#N/A","#N/A",1.0,Component,false,89.96,"#N/A","#N/A","#N/A","#N/A","#N/A",80.96,"#N/A","#N/A",false,01u3t00000eiG22AAE,false,List,"#N/A",28656162-007c-4954-bba4-ad56fb3f182b,Renewable,1.0,89.96,89.96,1.0,35f492e8-a3c1-4fc7-9b56-56af482928eb,89.96,false,"#N/A",032d0228-b807-4491-ba08-f8d114ab27b0,"#N/A","#N/A","#N/A","#N/A","#N/A","#N/A",89.96,"#N/A","#N/A",List,"#N/A","#N/A",Fixed Price,Quote,"#N/A","#N/A",Renewable,"#N/A",false,"#N/A","#N/A","#N/A","#N/A","#N/A","#N/A","#N/A",0.0,0.0,"#N/A"
9f9bac18-1655-4d3f-bde6-22e01735d69b,"#N/A","#N/A",false,"#N/A","#N/A","#N/A","#N/A",true,"#N/A",false,false,"#N/A",0.0,false,3439.35,"#N/A",3406.01,false,"#N/A",false,"#N/A",false,"#N/A",0.0,"#N/A","#N/A","#N/A","#N/A","#N/A","#N/A","#N/A","#N/A","#N/A","#N/A","#N/A",false,"#N/A","#N/A","#N/A","#N/A","#N/A",false,false,false,0.0,"#N/A","#N/A","#N/A","#N/A",0.0,false,false,1.0,"#N/A","#N/A","#N/A","#N/A",false,0.0,"#N/A","#N/A","#N/A","#N/A","#N/A",0.0,"#N/A","#N/A",false,01u3t00000eiG1RAAU,false,List,"#N/A","#N/A",One-time,1.0,0.0,0.0,1.0,b1a91911-0418-4fa0-8989-87864f5e4838,0.0,false,"#N/A","#N/A","#N/A","#N/A","#N/A","#N/A","#N/A","#N/A",0.0,"#N/A","#N/A",List,"#N/A","#N/A","#N/A",Quote,"#N/A","#N/A",One-time,"#N/A",false,"#N/A","#N/A","#N/A","#N/A","#N/A","#N/A","#N/A",0.0,0.0,"#N/A"
a1e5015f-75b9-4e20-8ef8-35d2c4cdd982,"#N/A","#N/A",false,"#N/A","#N/A","#N/A","#N/A",false,1.0,false,false,"#N/A","#N/A",false,"#N/A","#N/A","#N/A",false,"#N/A",false,"#N/A",false,"#N/A",399.0,"#N/A",Consists of 10 lines bundled together<br>Each line is 3/8&quot; in diameter<br>Roll contains 100&#39; of bundled tubing,"#N/A","#N/A","#N/A","#N/A","#N/A","#N/A",a2s3t000002EoEpAAK,"#N/A","#N/A",false,"#N/A","#N/A","#N/A","#N/A","#N/A",false,false,false,399.0,"#N/A","#N/A","#N/A","#N/A",399.0,false,false,11.0,"#N/A","#N/A",1.0,Component,false,399.0,"#N/A","#N/A","#N/A","#N/A","#N/A",399.0,"#N/A","#N/A",false,01u3t00000eiG2GAAU,false,List,"#N/A",c03d2ee3-fa92-4630-8041-970847e974b9,One-time,1.0,399.0,399.0,1.0,e366275c-6fbb-4753-b0bc-3a47d331433d,399.0,false,"#N/A",e2c3cf57-2dbf-43ef-8aa9-ee3e6a7285a7,"#N/A","#N/A","#N/A","#N/A","#N/A","#N/A",399.0,"#N/A","#N/A",List,"#N/A","#N/A","#N/A",Quote,"#N/A","#N/A",One-time,"#N/A",false,"#N/A","#N/A","#N/A","#N/A","#N/A","#N/A","#N/A",0.0,0.0,"#N/A"
a2c067f5-99e8-40bf-bcc6-f48f782f36d4,"#N/A","#N/A",false,"#N/A","#N/A","#N/A","#N/A",false,1.0,false,false,"#N/A","#N/A",false,"#N/A","#N/A","#N/A",false,"#N/A",false,"#N/A",false,"#N/A",33.45,1.0,6 Gallon Bag in Box Syrup- Recurring,"#N/A","#N/A","#N/A","#N/A","#N/A","#N/A",a2s3t000002EoEkAAK,"#N/A","#N/A",false,"#N/A","#N/A","#N/A","#N/A","#N/A",false,false,false,33.45,"#N/A","#N/A","#N/A","#N/A",33.45,false,false,2.0,"#N/A","#N/A",1.0,Component,false,33.45,"#N/A","#N/A","#N/A","#N/A","#N/A",33.45,"#N/A","#N/A",false,01u3t00000eiG1SAAU,false,List,"#N/A",7c6968fa-320a-468e-be3c-561c7f78602d,Renewable,1.0,33.45,33.45,1.0,b1a91911-0418-4fa0-8989-87864f5e4838,33.45,false,"#N/A",9f9bac18-1655-4d3f-bde6-22e01735d69b,"#N/A","#N/A","#N/A","#N/A","#N/A","#N/A",33.45,"#N/A","#N/A",List,"#N/A","#N/A",Fixed Price,Quote,"#N/A","#N/A",Renewable,"#N/A",false,"#N/A","#N/A","#N/A","#N/A","#N/A","#N/A","#N/A",0.0,0.0,"#N/A"
a3e7531f-9f22-421c-a088-fde6a5ac4f76,"#N/A","#N/A",false,"#N/A","#N/A","#N/A","#N/A",false,1.0,false,false,"#N/A","#N/A",false,"#N/A","#N/A","#N/A",false,"#N/A",false,"#N/A",false,"#N/A",14.24,"#N/A",1 24-count Box of K-Cups Pods- One time,"#N/A","#N/A","#N/A","#N/A",5.0,"#N/A",a2s3t000002EoElAAK,"#N/A","#N/A",false,"#N/A","#N/A","#N/A","#N/A","#N/A",false,false,false,14.99,"#N/A","#N/A","#N/A","#N/A",14.24,false,false,3.0,"#N/A","#N/A",1.0,Component,false,14.99,"#N/A","#N/A","#N/A","#N/A","#N/A",14.24,"#N/A","#N/A",false,01u3t00000eiG2UAAU,false,List,"#N/A",185704dd-728a-43a5-9cb8-b9d9256f05da,Renewable,1.0,14.99,14.99,1.0,4b110043-d40c-44fc-bcdf-fd6f882020c9,14.99,false,"#N/A",cddb1656-9b86-4d7a-9719-d7f7b696c937,"#N/A","#N/A","#N/A","#N/A","#N/A","#N/A",14.99,"#N/A","#N/A",List,"#N/A","#N/A","#N/A",Quote,"#N/A","#N/A",Renewable,"#N/A",false,"#N/A","#N/A","#N/A","#N/A","#N/A","#N/A","#N/A",0.0,0.0,"#N/A"
a90b8f41-ebd7-435c-a866-b61054fff849,"#N/A","#N/A",false,"#N/A","#N/A","#N/A","#N/A",false,1.0,false,false,"#N/A","#N/A",false,"#N/A","#N/A","#N/A",false,"#N/A",false,"#N/A",false,"#N/A",3189.0,"#N/A",10 Flomatic valves to dispense an assortment of beverages. <br>Ice dispenser holds 200lb of ice.,"#N/A","#N/A","#N/A","#N/A","#N/A","#N/A",a2s3t000002EoEpAAK,"#N/A","#N/A",false,"#N/A","#N/A","#N/A","#N/A","#N/A",false,false,false,3189.0,"#N/A","#N/A","#N/A","#N/A",3189.0,false,false,10.0,"#N/A","#N/A",1.0,Component,false,3189.0,"#N/A","#N/A","#N/A","#N/A","#N/A",3189.0,"#N/A","#N/A",false,01u3t00000eiG1WAAU,false,List,"#N/A",de0c2639-bfd3-47e6-a5a0-9d6ebd04a8d0,One-time,1.0,3189.0,3189.0,1.0,e366275c-6fbb-4753-b0bc-3a47d331433d,3189.0,false,"#N/A",e2c3cf57-2dbf-43ef-8aa9-ee3e6a7285a7,"#N/A","#N/A","#N/A","#N/A","#N/A","#N/A",3189.0,"#N/A","#N/A",List,"#N/A","#N/A","#N/A",Quote,"#N/A","#N/A",One-time,"#N/A",false,"#N/A","#N/A","#N/A","#N/A","#N/A","#N/A","#N/A",0.0,0.0,"#N/A"
b0067e43-0fdc-43bb-900a-609fd63e20b3,"#N/A","#N/A",false,"#N/A","#N/A","#N/A","#N/A",false,1.0,false,false,"#N/A","#N/A",false,"#N/A","#N/A","#N/A",false,"#N/A",false,"#N/A",false,"#N/A",39.35,"#N/A",12 Gallon Bag in Box Syrup- One time,"#N/A","#N/A","#N/A","#N/A","#N/A","#N/A",a2s3t000002EoEkAAK,"#N/A","#N/A",false,"#N/A","#N/A","#N/A","#N/A","#N/A",false,false,false,39.35,"#N/A","#N/A","#N/A","#N/A",39.35,false,false,3.0,"#N/A","#N/A",1.0,Component,false,39.35,"#N/A","#N/A","#N/A","#N/A","#N/A",39.35,"#N/A","#N/A",false,01u3t00000eiG1XAAU,false,List,"#N/A",99434669-e9aa-4cc6-af21-869bedf9687f,One-time,1.0,39.35,39.35,1.0,e366275c-6fbb-4753-b0bc-3a47d331433d,39.35,false,"#N/A",e2c3cf57-2dbf-43ef-8aa9-ee3e6a7285a7,"#N/A","#N/A","#N/A","#N/A","#N/A","#N/A",39.35,"#N/A","#N/A",List,"#N/A","#N/A","#N/A",Quote,"#N/A","#N/A",One-time,"#N/A",false,"#N/A","#N/A","#N/A","#N/A","#N/A","#N/A","#N/A",0.0,0.0,"#N/A"
b67591ef-94a3-4182-b45a-820d4742f79a,"#N/A","#N/A",false,"#N/A","#N/A","#N/A","#N/A",false,1.0,false,false,"#N/A","#N/A",false,"#N/A","#N/A","#N/A",false,"#N/A",false,"#N/A",false,"#N/A",39.35,"#N/A",6 Gallon Bag in Box Syrup- One time,"#N/A","#N/A","#N/A","#N/A","#N/A","#N/A",a2s3t000002EoEkAAK,"#N/A","#N/A",false,"#N/A","#N/A","#N/A","#N/A","#N/A",false,false,false,39.35,"#N/A","#N/A","#N/A","#N/A",39.35,false,false,4.0,"#N/A","#N/A",1.0,Component,false,39.35,"#N/A","#N/A","#N/A","#N/A","#N/A",39.35,"#N/A","#N/A",false,01u3t00000eiG2JAAU,false,List,"#N/A",e5d383d9-3fc5-462f-9549-32a4f2d4f46c,One-time,1.0,39.35,39.35,1.0,e366275c-6fbb-4753-b0bc-3a47d331433d,39.35,false,"#N/A",e2c3cf57-2dbf-43ef-8aa9-ee3e6a7285a7,"#N/A","#N/A","#N/A","#N/A","#N/A","#N/A",39.35,"#N/A","#N/A",List,"#N/A","#N/A","#N/A",Quote,"#N/A","#N/A",One-time,"#N/A",false,"#N/A","#N/A","#N/A","#N/A","#N/A","#N/A","#N/A",0.0,0.0,"#N/A"
bf1184bc-5921-48c6-a2be-19523407a14a,"#N/A","#N/A",false,"#N/A","#N/A","#N/A","#N/A",false,1.0,false,false,"#N/A","#N/A",false,"#N/A","#N/A","#N/A",false,"#N/A",false,"#N/A",false,"#N/A",39.35,"#N/A",12 Gallon Bag in Box Syrup- One time,"#N/A","#N/A","#N/A","#N/A","#N/A","#N/A",a2s3t000002EoEkAAK,"#N/A","#N/A",false,"#N/A","#N/A","#N/A","#N/A","#N/A",false,false,false,39.35,"#N/A","#N/A","#N/A","#N/A",39.35,false,false,3.0,"#N/A","#N/A",1.0,Component,false,39.35,"#N/A","#N/A","#N/A","#N/A","#N/A",39.35,"#N/A","#N/A",false,01u3t00000eiG1XAAU,false,List,"#N/A",99434669-e9aa-4cc6-af21-869bedf9687f,One-time,1.0,39.35,39.35,1.0,83135487-1ddb-443b-8930-d7d9e291d9f1,39.35,false,"#N/A",cc9b4935-bf53-448c-9569-6e8b028b704e,"#N/A","#N/A","#N/A","#N/A","#N/A","#N/A",39.35,"#N/A","#N/A",List,"#N/A","#N/A","#N/A",Quote,"#N/A","#N/A",One-time,"#N/A",false,"#N/A","#N/A","#N/A","#N/A","#N/A","#N/A","#N/A",0.0,0.0,"#N/A"
c426eb75-8bd3-4517-91b0-3637b52486f8,"#N/A","#N/A",false,"#N/A","#N/A","#N/A","#N/A",true,"#N/A",false,false,"#N/A",0.0,false,3411.8,"#N/A",3411.8,false,"#N/A",false,"#N/A",false,"#N/A",0.0,"#N/A","#N/A","#N/A","#N/A","#N/A","#N/A","#N/A","#N/A","#N/A","#N/A","#N/A",false,"#N/A","#N/A","#N/A","#N/A","#N/A",false,false,false,0.0,"#N/A","#N/A","#N/A","#N/A",0.0,false,false,7.0,"#N/A","#N/A","#N/A","#N/A",false,0.0,"#N/A","#N/A","#N/A","#N/A","#N/A",0.0,"#N/A","#N/A",false,01u3t00000eiG1RAAU,false,List,"#N/A","#N/A",One-time,1.0,0.0,0.0,1.0,b1a91911-0418-4fa0-8989-87864f5e4838,0.0,false,"#N/A","#N/A","#N/A","#N/A","#N/A","#N/A","#N/A","#N/A",0.0,"#N/A","#N/A",List,"#N/A","#N/A","#N/A",Quote,"#N/A","#N/A",One-time,"#N/A",false,"#N/A","#N/A","#N/A","#N/A","#N/A","#N/A","#N/A",0.0,0.0,"#N/A"
c4c2f06f-1363-41fc-92a5-f510525675c9,"#N/A","#N/A",false,"#N/A","#N/A","#N/A","#N/A",false,1.0,false,false,"#N/A","#N/A",false,"#N/A","#N/A","#N/A",false,"#N/A",false,"#N/A",false,"#N/A",3189.0,"#N/A",10 Flomatic valves to dispense an assortment of beverages. <br>Ice dispenser holds 200lb of ice.,"#N/A","#N/A","#N/A","#N/A","#N/A","#N/A",a2s3t000002EoEpAAK,"#N/A","#N/A",false,"#N/A","#N/A","#N/A","#N/A","#N/A",false,false,false,3189.0,"#N/A","#N/A","#N/A","#N/A",3189.0,false,false,6.0,"#N/A","#N/A",1.0,Component,false,3189.0,"#N/A","#N/A","#N/A","#N/A","#N/A",3189.0,"#N/A","#N/A",false,01u3t00000eiG1WAAU,false,List,"#N/A",de0c2639-bfd3-47e6-a5a0-9d6ebd04a8d0,One-time,1.0,3189.0,3189.0,1.0,b1a91911-0418-4fa0-8989-87864f5e4838,3189.0,false,"#N/A",9f9bac18-1655-4d3f-bde6-22e01735d69b,"#N/A","#N/A","#N/A","#N/A","#N/A","#N/A",3189.0,"#N/A","#N/A",List,"#N/A","#N/A","#N/A",Quote,"#N/A","#N/A",One-time,"#N/A",false,"#N/A","#N/A","#N/A","#N/A","#N/A","#N/A","#N/A",0.0,0.0,"#N/A"
c643f12d-f515-40b4-b5d3-fdcbaf79751c,"#N/A","#N/A",false,"#N/A","#N/A","#N/A","#N/A",true,"#N/A",false,false,"#N/A",0.0,false,3867.1400000000003,"#N/A",3862.12,false,"#N/A",false,"#N/A",false,"#N/A",0.0,"#N/A","#N/A","#N/A","#N/A","#N/A","#N/A","#N/A","#N/A","#N/A","#N/A","#N/A",false,"#N/A","#N/A","#N/A","#N/A","#N/A",false,false,false,0.0,"#N/A","#N/A","#N/A","#N/A",0.0,false,false,1.0,"#N/A","#N/A","#N/A","#N/A",false,0.0,"#N/A","#N/A","#N/A","#N/A","#N/A",0.0,"#N/A","#N/A",false,01u3t00000eiG1RAAU,false,List,"#N/A","#N/A",One-time,1.0,0.0,0.0,1.0,14a3e8b1-cb73-4001-9d2f-d20bbb68763c,0.0,false,"#N/A","#N/A","#N/A","#N/A","#N/A","#N/A","#N/A","#N/A",0.0,"#N/A","#N/A",List,"#N/A","#N/A","#N/A",Quote,"#N/A","#N/A",One-time,"#N/A",false,"#N/A","#N/A","#N/A","#N/A","#N/A","#N/A","#N/A",0.0,0.0,"#N/A"
cc9b4935-bf53-448c-9569-6e8b028b704e,"#N/A","#N/A",false,"#N/A","#N/A","#N/A","#N/A",true,"#N/A",false,false,"#N/A",0.0,false,3772.69,"#N/A",3662.26,false,"#N/A",false,"#N/A",false,"#N/A",0.0,"#N/A","#N/A","#N/A","#N/A","#N/A","#N/A","#N/A","#N/A","#N/A","#N/A","#N/A",false,"#N/A","#N/A","#N/A","#N/A","#N/A",false,false,false,0.0,"#N/A","#N/A","#N/A","#N/A",0.0,false,false,1.0,"#N/A","#N/A","#N/A","#N/A",false,0.0,"#N/A","#N/A","#N/A","#N/A","#N/A",0.0,"#N/A","#N/A",false,01u3t00000eiG1RAAU,false,List,"#N/A","#N/A",One-time,1.0,0.0,0.0,1.0,83135487-1ddb-443b-8930-d7d9e291d9f1,0.0,false,"#N/A","#N/A","#N/A","#N/A","#N/A","#N/A","#N/A","#N/A",0.0,"#N/A","#N/A",List,"#N/A","#N/A","#N/A",Quote,"#N/A","#N/A",One-time,"#N/A",false,"#N/A","#N/A","#N/A","#N/A","#N/A","#N/A","#N/A",0.0,0.0,"#N/A"
cddb1656-9b86-4d7a-9719-d7f7b696c937,"#N/A","#N/A",false,"#N/A","#N/A","#N/A","#N/A",true,"#N/A",false,false,"#N/A",0.0,false,598.92,"#N/A",595.92,false,"#N/A",false,"#N/A",false,"#N/A",0.0,"#N/A","#N/A","#N/A","#N/A","#N/A","#N/A","#N/A","#N/A","#N/A","#N/A","#N/A",false,"#N/A","#N/A","#N/A","#N/A","#N/A",false,false,false,0.0,"#N/A","#N/A","#N/A","#N/A",0.0,false,false,1.0,"#N/A","#N/A","#N/A","#N/A",false,0.0,"#N/A","#N/A","#N/A","#N/A","#N/A",0.0,"#N/A","#N/A",false,01u3t00000eiG2WAAU,false,List,"#N/A","#N/A",One-time,1.0,0.0,0.0,1.0,4b110043-d40c-44fc-bcdf-fd6f882020c9,0.0,false,"#N/A","#N/A","#N/A","#N/A","#N/A","#N/A","#N/A","#N/A",0.0,"#N/A","#N/A",List,"#N/A","#N/A","#N/A",Quote,"#N/A","#N/A",One-time,"#N/A",false,"#N/A","#N/A","#N/A","#N/A","#N/A","#N/A","#N/A",0.0,0.0,"#N/A"
cdfd5c9f-700c-4c4b-a5c1-164935666995,"#N/A","#N/A",false,"#N/A","#N/A","#N/A","#N/A",false,1.0,false,false,"#N/A","#N/A",false,"#N/A","#N/A","#N/A",false,"#N/A",false,"#N/A",false,"#N/A",14.99,"#N/A",1 24-count Box of K-Cups Pods- One time,"#N/A","#N/A","#N/A","#N/A","#N/A","#N/A",a2s3t000002EoElAAK,"#N/A","#N/A",false,"#N/A","#N/A","#N/A","#N/A","#N/A",false,false,false,14.99,"#N/A","#N/A","#N/A","#N/A",14.99,false,false,4.0,"#N/A","#N/A",1.0,Component,false,14.99,"#N/A","#N/A","#N/A","#N/A","#N/A",14.99,"#N/A","#N/A",false,01u3t00000eiG2SAAU,false,List,"#N/A",1777aa38-a551-420b-9601-ea9bfd7d5253,One-time,1.0,14.99,14.99,1.0,35f492e8-a3c1-4fc7-9b56-56af482928eb,14.99,false,"#N/A",032d0228-b807-4491-ba08-f8d114ab27b0,"#N/A","#N/A","#N/A","#N/A","#N/A","#N/A",14.99,"#N/A","#N/A",List,"#N/A","#N/A","#N/A",Quote,"#N/A","#N/A",One-time,"#N/A",false,"#N/A","#N/A","#N/A","#N/A","#N/A","#N/A","#N/A",0.0,0.0,"#N/A"
cf0b551c-e552-4145-ac4c-84566b91fb15,"#N/A","#N/A",false,"#N/A","#N/A","#N/A","#N/A",false,1.0,false,false,"#N/A","#N/A",false,"#N/A","#N/A","#N/A",false,"#N/A",false,"#N/A",false,"#N/A",33.45,1.0,11 Gallon Bag in Box Syrup- Recurring,"#N/A","#N/A","#N/A","#N/A","#N/A","#N/A",a2s3t000002EoEkAAK,"#N/A","#N/A",false,"#N/A","#N/A","#N/A","#N/A","#N/A",false,false,false,33.45,"#N/A","#N/A","#N/A","#N/A",33.45,false,false,8.0,"#N/A","#N/A",1.0,Component,false,33.45,"#N/A","#N/A","#N/A","#N/A","#N/A",33.45,"#N/A","#N/A",false,01u3t00000eiG1UAAU,false,List,"#N/A",34f5f1ba-c0de-4cca-8706-8535123caeae,Renewable,1.0,33.45,33.45,1.0,b1a91911-0418-4fa0-8989-87864f5e4838,33.45,false,"#N/A",c426eb75-8bd3-4517-91b0-3637b52486f8,"#N/A","#N/A","#N/A","#N/A","#N/A","#N/A",33.45,"#N/A","#N/A",List,"#N/A","#N/A",Fixed Price,Quote,"#N/A","#N/A",Renewable,"#N/A",false,"#N/A","#N/A","#N/A","#N/A","#N/A","#N/A","#N/A",0.0,0.0,"#N/A"
d0b38896-b27b-447e-884a-6e0daf1ccf44,"#N/A","#N/A",false,"#N/A","#N/A","#N/A","#N/A",false,1.0,false,false,"#N/A","#N/A",false,"#N/A","#N/A","#N/A",false,"#N/A",false,"#N/A",false,"#N/A",33.45,1.0,7 Gallon Bag in Box Syrup- Recurring,"#N/A","#N/A","#N/A","#N/A","#N/A","#N/A",a2s3t000002EoEkAAK,"#N/A","#N/A",false,"#N/A","#N/A","#N/A","#N/A","#N/A",false,false,false,33.45,"#N/A","#N/A","#N/A","#N/A",33.45,false,false,5.0,"#N/A","#N/A",1.0,Component,false,33.45,"#N/A","#N/A","#N/A","#N/A","#N/A",33.45,"#N/A","#N/A",false,01u3t00000eiG24AAE,false,List,"#N/A",71bdd417-37af-443d-b2f4-d2f286705b2a,Renewable,1.0,33.45,33.45,1.0,e366275c-6fbb-4753-b0bc-3a47d331433d,33.45,false,"#N/A",e2c3cf57-2dbf-43ef-8aa9-ee3e6a7285a7,"#N/A","#N/A","#N/A","#N/A","#N/A","#N/A",33.45,"#N/A","#N/A",List,"#N/A","#N/A",Fixed Price,Quote,"#N/A","#N/A",Renewable,"#N/A",false,"#N/A","#N/A","#N/A","#N/A","#N/A","#N/A","#N/A",0.0,0.0,"#N/A"
d5044c5b-ada1-4e7b-be77-4cc4d966862a,"#N/A","#N/A",false,"#N/A","#N/A","#N/A","#N/A",false,1.0,false,false,"#N/A","#N/A",false,"#N/A","#N/A","#N/A",false,"#N/A",false,"#N/A",false,"#N/A",150.0,1.0,Regular cleaning &amp; preventative maintenance to keep your equipment operating optimally.- Recurring,"#N/A","#N/A","#N/A","#N/A","#N/A","#N/A",a2s3t000002EoEmAAK,"#N/A","#N/A",false,"#N/A","#N/A","#N/A","#N/A","#N/A",false,false,false,150.0,"#N/A","#N/A","#N/A","#N/A",150.0,false,false,10.0,"#N/A","#N/A",1.0,Component,false,150.0,"#N/A","#N/A","#N/A","#N/A","#N/A",150.0,"#N/A","#N/A",false,01u3t00000eiG1VAAU,false,List,"#N/A",e9fb044e-4f31-4ce9-9c88-8f1c5cabaaf5,Renewable,1.0,150.0,150.0,1.0,b1a91911-0418-4fa0-8989-87864f5e4838,150.0,false,"#N/A",c426eb75-8bd3-4517-91b0-3637b52486f8,"#N/A","#N/A","#N/A","#N/A","#N/A","#N/A",150.0,"#N/A","#N/A",List,"#N/A","#N/A",Fixed Price,Quote,"#N/A","#N/A",Renewable,"#N/A",false,"#N/A","#N/A","#N/A","#N/A","#N/A","#N/A","#N/A",0.0,0.0,"#N/A"
d8ad5a99-9176-4a68-bae1-6b5f4b2f4f6d,"#N/A","#N/A",false,"#N/A","#N/A","#N/A","#N/A",false,1.0,false,false,"#N/A","#N/A",false,"#N/A","#N/A","#N/A",false,"#N/A",false,"#N/A",false,"#N/A",14.99,"#N/A",1 24-count Box of K-Cups Pods- One time,"#N/A","#N/A","#N/A","#N/A","#N/A","#N/A",a2s3t000002EoElAAK,"#N/A","#N/A",false,"#N/A","#N/A","#N/A","#N/A","#N/A",false,false,false,14.99,"#N/A","#N/A","#N/A","#N/A",14.99,false,false,5.0,"#N/A","#N/A",1.0,Component,false,14.99,"#N/A","#N/A","#N/A","#N/A","#N/A",14.99,"#N/A","#N/A",false,01u3t00000eiG2RAAU,false,List,"#N/A",c0c4a633-72e5-447b-9e33-4fe7973516b8,One-time,1.0,14.99,14.99,1.0,35f492e8-a3c1-4fc7-9b56-56af482928eb,14.99,false,"#N/A",032d0228-b807-4491-ba08-f8d114ab27b0,"#N/A","#N/A","#N/A","#N/A","#N/A","#N/A",14.99,"#N/A","#N/A",List,"#N/A","#N/A","#N/A",Quote,"#N/A","#N/A",One-time,"#N/A",false,"#N/A","#N/A","#N/A","#N/A","#N/A","#N/A","#N/A",0.0,0.0,"#N/A"
de38b303-a007-4a16-8e31-e9d7968452fb,"#N/A","#N/A",false,"#N/A","#N/A","#N/A","#N/A",false,1.0,false,false,"#N/A","#N/A",false,"#N/A","#N/A","#N/A",false,"#N/A",false,"#N/A",false,"#N/A",150.0,1.0,Regular cleaning &amp; preventative maintenance to keep your equipment operating optimally.- Recurring,"#N/A","#N/A","#N/A","#N/A","#N/A","#N/A",a2s3t000002EoEmAAK,"#N/A","#N/A",false,"#N/A","#N/A","#N/A","#N/A","#N/A",false,false,false,150.0,"#N/A","#N/A","#N/A","#N/A",150.0,false,false,8.0,"#N/A","#N/A",1.0,Component,false,150.0,"#N/A","#N/A","#N/A","#N/A","#N/A",150.0,"#N/A","#N/A",false,01u3t00000eiG1VAAU,false,List,"#N/A",e9fb044e-4f31-4ce9-9c88-8f1c5cabaaf5,Renewable,1.0,150.0,150.0,1.0,e366275c-6fbb-4753-b0bc-3a47d331433d,150.0,false,"#N/A",e2c3cf57-2dbf-43ef-8aa9-ee3e6a7285a7,"#N/A","#N/A","#N/A","#N/A","#N/A","#N/A",150.0,"#N/A","#N/A",List,"#N/A","#N/A",Fixed Price,Quote,"#N/A","#N/A",Renewable,"#N/A",false,"#N/A","#N/A","#N/A","#N/A","#N/A","#N/A","#N/A",0.0,0.0,"#N/A"
e1dc1037-d8c6-48bd-9976-15c7551ea385,"#N/A","#N/A",false,"#N/A","#N/A","#N/A","#N/A",false,1.0,false,false,"#N/A","#N/A",false,"#N/A","#N/A","#N/A",false,"#N/A",false,"#N/A",false,"#N/A",248.49,"#N/A","Forces CO2 into water to create carbonation for sodas<br>No need to turn off CO2 or water to service; maintain electronics without depressurizing the tank<br>115V, 1/3 hp, 1725 RPM motor","#N/A","#N/A","#N/A","#N/A",30.0,"#N/A",a2s3t000002EoEpAAK,"#N/A","#N/A",false,"#N/A","#N/A","#N/A","#N/A","#N/A",false,false,false,354.99,"#N/A","#N/A","#N/A","#N/A",248.49,false,false,5.0,"#N/A","#N/A",1.0,Component,false,354.99,"#N/A","#N/A","#N/A","#N/A","#N/A",248.49,"#N/A","#N/A",false,01u3t00000eiG2FAAU,false,List,"#N/A",b12df8d0-93e5-4f6d-b81f-8a204e12dfe6,One-time,1.0,354.99,354.99,1.0,83135487-1ddb-443b-8930-d7d9e291d9f1,354.99,false,"#N/A",cc9b4935-bf53-448c-9569-6e8b028b704e,"#N/A","#N/A","#N/A","#N/A","#N/A","#N/A",354.99,"#N/A","#N/A",List,"#N/A","#N/A","#N/A",Quote,"#N/A","#N/A",One-time,"#N/A",false,"#N/A","#N/A","#N/A","#N/A","#N/A","#N/A","#N/A",0.0,0.0,"#N/A"
e2c3cf57-2dbf-43ef-8aa9-ee3e6a7285a7,"#N/A","#N/A",false,"#N/A","#N/A","#N/A","#N/A",true,"#N/A",false,false,"#N/A",0.0,false,4323.1900000000005,"#N/A",4252.1900000000005,false,"#N/A",false,"#N/A",false,"#N/A",0.0,"#N/A","#N/A","#N/A","#N/A","#N/A","#N/A","#N/A","#N/A","#N/A","#N/A","#N/A",false,"#N/A","#N/A","#N/A","#N/A","#N/A",false,false,false,0.0,"#N/A","#N/A","#N/A","#N/A",0.0,false,false,1.0,"#N/A","#N/A","#N/A","#N/A",false,0.0,"#N/A","#N/A","#N/A","#N/A","#N/A",0.0,"#N/A","#N/A",false,01u3t00000eiG1RAAU,false,List,"#N/A","#N/A",One-time,1.0,0.0,0.0,1.0,e366275c-6fbb-4753-b0bc-3a47d331433d,0.0,false,"#N/A","#N/A","#N/A","#N/A","#N/A","#N/A","#N/A","#N/A",0.0,"#N/A","#N/A",List,"#N/A","#N/A","#N/A",Quote,"#N/A","#N/A",One-time,"#N/A",false,"#N/A","#N/A","#N/A","#N/A","#N/A","#N/A","#N/A",0.0,0.0,"#N/A"
e39105d8-3580-4786-a0ab-e7b14463c8e2,"#N/A","#N/A",false,"#N/A","#N/A","#N/A","#N/A",false,1.0,false,false,"#N/A","#N/A",false,"#N/A","#N/A","#N/A",false,"#N/A",false,"#N/A",false,"#N/A",39.35,"#N/A",9 Gallon Bag in Box Syrup- One time,"#N/A","#N/A","#N/A","#N/A","#N/A","#N/A",a2s3t000002EoEkAAK,"#N/A","#N/A",false,"#N/A","#N/A","#N/A","#N/A","#N/A",false,false,false,39.35,"#N/A","#N/A","#N/A","#N/A",39.35,false,false,6.0,"#N/A","#N/A",1.0,Component,false,39.35,"#N/A","#N/A","#N/A","#N/A","#N/A",39.35,"#N/A","#N/A",false,01u3t00000eiG2MAAU,false,List,"#N/A",f155d929-31f2-4ecb-878b-7c88aa92baff,One-time,1.0,39.35,39.35,1.0,e366275c-6fbb-4753-b0bc-3a47d331433d,39.35,false,"#N/A",e2c3cf57-2dbf-43ef-8aa9-ee3e6a7285a7,"#N/A","#N/A","#N/A","#N/A","#N/A","#N/A",39.35,"#N/A","#N/A",List,"#N/A","#N/A","#N/A",Quote,"#N/A","#N/A",One-time,"#N/A",false,"#N/A","#N/A","#N/A","#N/A","#N/A","#N/A","#N/A",0.0,0.0,"#N/A"
e788c182-a98c-404f-8748-aed88382307c,"#N/A","#N/A",false,"#N/A","#N/A","#N/A","#N/A",false,1.0,false,false,"#N/A","#N/A",false,"#N/A","#N/A","#N/A",false,"#N/A",false,"#N/A",false,"#N/A",14.99,"#N/A",1 24-count Box of K-Cups Pods- One time,"#N/A","#N/A","#N/A","#N/A","#N/A","#N/A",a2s3t000002EoElAAK,"#N/A","#N/A",false,"#N/A","#N/A","#N/A","#N/A","#N/A",false,false,false,14.99,"#N/A","#N/A","#N/A","#N/A",14.99,false,false,2.0,"#N/A","#N/A",1.0,Component,false,14.99,"#N/A","#N/A","#N/A","#N/A","#N/A",14.99,"#N/A","#N/A",false,01u3t00000eiG2VAAU,false,List,"#N/A",17b9e719-fe95-4f44-a334-8d919d7c7d74,Renewable,1.0,14.99,14.99,1.0,45018705-86ea-4618-85c0-3a841d5bb60d,14.99,false,"#N/A",4086aae6-6211-4f17-af02-1d8779f7c4f7,"#N/A","#N/A","#N/A","#N/A","#N/A","#N/A",14.99,"#N/A","#N/A",List,"#N/A","#N/A","#N/A",Quote,"#N/A","#N/A",Renewable,"#N/A",false,"#N/A","#N/A","#N/A","#N/A","#N/A","#N/A","#N/A",0.0,0.0,"#N/A"
ed2f3454-4380-4474-acf1-917560ddbc7b,"#N/A","#N/A",false,"#N/A","#N/A","#N/A","#N/A",false,1.0,false,false,"#N/A","#N/A",false,"#N/A","#N/A","#N/A",false,"#N/A",false,"#N/A",false,"#N/A",33.45,1.0,9 Gallon Bag in Box Syrup- Recurring,"#N/A","#N/A","#N/A","#N/A","#N/A","#N/A",a2s3t000002EoEkAAK,"#N/A","#N/A",false,"#N/A","#N/A","#N/A","#N/A","#N/A",false,false,false,33.45,"#N/A","#N/A","#N/A","#N/A",33.45,false,false,4.0,"#N/A","#N/A",1.0,Component,false,33.45,"#N/A","#N/A","#N/A","#N/A","#N/A",33.45,"#N/A","#N/A",false,01u3t00000eiG1TAAU,false,List,"#N/A",ff40ad2d-95bc-42a4-9270-15fd222e1492,Renewable,1.0,33.45,33.45,1.0,14a3e8b1-cb73-4001-9d2f-d20bbb68763c,33.45,false,"#N/A",c643f12d-f515-40b4-b5d3-fdcbaf79751c,"#N/A","#N/A","#N/A","#N/A","#N/A","#N/A",33.45,"#N/A","#N/A",List,"#N/A","#N/A",Fixed Price,Quote,"#N/A","#N/A",Renewable,"#N/A",false,"#N/A","#N/A","#N/A","#N/A","#N/A","#N/A","#N/A",0.0,0.0,"#N/A"
f3b22b9f-e73f-4351-9432-b821f79fb0ba,"#N/A","#N/A",false,"#N/A","#N/A","#N/A","#N/A",false,1.0,false,false,"#N/A","#N/A",false,"#N/A","#N/A","#N/A",false,"#N/A",false,"#N/A",false,"#N/A",283.99,"#N/A","Forces CO2 into water to create carbonation for sodas<br>No need to turn off CO2 or water to service; maintain electronics without depressurizing the tank<br>115V, 1/3 hp, 1725 RPM motor","#N/A","#N/A","#N/A","#N/A",20.0,"#N/A",a2s3t000002EoEpAAK,"#N/A","#N/A",false,"#N/A","#N/A","#N/A","#N/A","#N/A",false,false,false,354.99,"#N/A","#N/A","#N/A","#N/A",283.99,false,false,9.0,"#N/A","#N/A",1.0,Component,false,354.99,"#N/A","#N/A","#N/A","#N/A","#N/A",283.99,"#N/A","#N/A",false,01u3t00000eiG2FAAU,false,List,"#N/A",b12df8d0-93e5-4f6d-b81f-8a204e12dfe6,One-time,1.0,354.99,354.99,1.0,e366275c-6fbb-4753-b0bc-3a47d331433d,354.99,false,"#N/A",e2c3cf57-2dbf-43ef-8aa9-ee3e6a7285a7,"#N/A","#N/A","#N/A","#N/A","#N/A","#N/A",354.99,"#N/A","#N/A",List,"#N/A","#N/A","#N/A",Quote,"#N/A","#N/A",One-time,"#N/A",false,"#N/A","#N/A","#N/A","#N/A","#N/A","#N/A","#N/A",0.0,0.0,"#N/A"
